Papel,Tipo,Empresa,Setor,Subsetor,Cotação,Min 52 sem,Max 52 sem,Vol $ méd (2m),Nro. Ações,Valor de mercado,Valor da firma,P/L,LPA,P/VP,VPA,P/EBIT,Marg. Bruta,PSR,Marg. EBIT,P/Ativos,Marg. Líquida,P/Cap. Giro,EBIT / Ativo,P/Ativ Circ Liq,Div. Yield,ROIC,ROE,EV / EBITDA,Liquidez Corr,EV / EBIT,Div Br/ Patrim,Cres. Rec (5a),Giro Ativos,Ativo,Dív. Bruta,Disponibilidades,Dív. Líquida,Ativo Circulante,Patrim. Líq,Receita Líquida,EBIT,Lucro Líquido,Receita Líquida_,EBIT_,Lucro Líquido_,Depósitos,Cart. de Crédito,Result Int Financ,Result Int Financ_,Rec Serviços,Rec Serviços_
VALE3,ON NM,VALE ON NM,Mineração,Minerais Metálicos,68.36,59.31,90.84,1686170000.0,4539010000.0,310287000000.0,360408000000.0,6.53,10.47,1.63,41.9,3.88,40.1%,1.5,38.8%,0.7,23.3%,60.23,17.9%,-1.78,8.9%,20.1%,25.0%,3.76,1.08,4.51,0.37,10.7%,0.46,445621000000.0,70289000000.0,20168000000.0,50121000000.0,73474000000.0,190172000000.0,206296000000.0,79954000000.0,47517000000.0,51962000000.0,20379000000.0,13864000000.0,,,,,,
PETR4,PN,PETROBRAS PN,"Petróleo, Gás e Biocombustíveis","Exploração, Refino e Distribuição",39.28,17.82,39.28,1311250000.0,13044500000.0,512388000000.0,750692000000.0,3.74,10.5,1.33,29.59,2.13,51.1%,0.96,44.9%,0.5,25.6%,-70.58,23.5%,-1.04,18.4%,25.8%,35.5%,2.38,0.95,3.12,0.79,20.3%,0.52,1025500000000.0,305451000000.0,67147000000.0,238304000000.0,147311000000.0,386007000000.0,536315000000.0,240889000000.0,136904000000.0,124828000000.0,58099000000.0,26625000000.0,,,,,,
ITUB4,PN N1,ITAUUNIBANCO PN N1,Intermediários Financeiros,Bancos,32.33,22.34,33.97,771224000.0,9804140000.0,316968000000.0,,10.2,3.17,1.81,17.89,,,,,,0.0%,,0.0%,,3.9%,,17.7%,,,,,28.6%,,407542000000.0,,,,,175414000000.0,,,31090000000.0,,,7628000000.0,80395000000.0,135302000000.0,5578000000.0,1569000000.0,8757000000.0,2657000000.0
BBDC4,PN N1,BANCO BRADESCO S.A. PN N1,Intermediários Financeiros,Bancos,15.36,11.89,17.07,629720000.0,10642200000.0,163464000000.0,,11.0,1.4,1.02,15.11,,,,,,0.0%,,0.0%,,7.3%,,9.2%,,,,,-14.5%,,1570360000000.0,,,,,160801000000.0,,,14855400000.0,,,4621120000.0,0.0,0.0,17726000000.0,5656430000.0,20849100000.0,5086640000.0
BBAS3,ON,BANCO DO BRASIL S.A. ON,Intermediários Financeiros,Bancos,56.58,34.9,56.65,484884000.0,2865420000.0,162125000000.0,,4.85,11.67,1.01,56.01,,,,,,0.0%,,0.0%,,8.1%,,20.8%,,,,,23.8%,,2270910000000.0,,,,,160489000000.0,,,33430300000.0,,,8391100000.0,0.0,0.0,53112700000.0,13578300000.0,21006800000.0,5401990000.0
PRIO3,ON,PETRORIO ON,"Petróleo, Gás e Biocombustíveis","Exploração, Refino e Distribuição",44.8,29.88,50.12,479291000.0,892060000.0,39964300000.0,48260700000.0,8.77,5.11,3.1,14.46,7.08,62.3%,3.94,55.6%,1.4,44.9%,32.52,19.8%,-3.79,0.2%,22.0%,35.3%,6.4,1.32,8.55,0.82,74.0%,0.36,28521700000.0,10521700000.0,2225260000.0,8296450000.0,5086530000.0,12901100000.0,10145400000.0,5642470000.0,4558570000.0,4045490000.0,2285470000.0,1628820000.0,,,,,,
B3SA3,ON,B3 ON,Serviços Financeiros Diversos,Serviços Financeiros Diversos,13.43,10.12,14.96,460278000.0,5646500000.0,75832500000.0,72478500000.0,17.97,0.75,3.75,3.58,14.03,85.7%,7.22,51.5%,1.58,40.2%,13.9,11.3%,-7.28,3.3%,16.5%,20.9%,11.19,1.46,13.41,0.57,14.5%,0.22,47872700000.0,11577000000.0,14931000000.0,-3353960000.0,17212900000.0,20233800000.0,10501500000.0,5405910000.0,4220220000.0,2490080000.0,1346050000.0,1074240000.0,,,,,,
RENT3,ON,LOCALIZA RENT A CAR ON,Diversos,Aluguel de carros,58.36,48.84,69.39,367742000.0,1068090000.0,62334000000.0,90560700000.0,40.34,1.45,2.47,23.59,11.75,29.0%,2.32,19.7%,0.84,5.7%,239.5,7.2%,-1.86,2.5%,9.0%,6.1%,9.35,1.02,17.07,1.46,27.0%,0.36,73841900000.0,36721000000.0,8494350000.0,28226600000.0,15103900000.0,25191500000.0,26879300000.0,5306280000.0,1545150000.0,7321960000.0,1632190000.0,665027000.0,,,,,,
PETR3,ON,PETROBRAS ON,"Petróleo, Gás e Biocombustíveis","Exploração, Refino e Distribuição",41.06,20.46,41.06,358759000.0,13044500000.0,535607000000.0,773911000000.0,3.91,10.5,1.39,29.59,2.22,51.1%,1.0,44.9%,0.52,25.6%,-73.77,23.5%,-1.09,17.6%,25.8%,35.5%,2.45,0.95,3.21,0.79,20.3%,0.52,1025500000000.0,305451000000.0,67147000000.0,238304000000.0,147311000000.0,386007000000.0,536315000000.0,240889000000.0,136904000000.0,124828000000.0,58099000000.0,26625000000.0,,,,,,
MGLU3,ON NM,MAGAZ LUIZA ON NM,Comércio,Eletrodomésticos,2.07,1.33,4.53,341662000.0,6748930000.0,13970300000.0,18088700000.0,-35.13,-0.06,1.47,1.41,13.61,28.5%,0.37,2.7%,0.38,-1.1%,5.95,2.8%,-1.77,0.0%,4.2%,-4.2%,7.8,1.14,17.62,0.78,19.5%,1.01,36919000000.0,7403320000.0,3284850000.0,4118460000.0,19475800000.0,9532650000.0,37385800000.0,1026480000.0,-397650000.0,8578820000.0,216277000.0,331229000.0,,,,,,
LREN3,ON,RENNER ON,Comércio,"Tecidos, Vestuário e Calçados",16.15,11.84,22.2,306777000.0,963227000.0,15556100000.0,14443100000.0,16.71,0.97,1.59,10.14,5.59,60.2%,1.16,20.8%,0.78,7.0%,3.24,14.0%,10.32,4.5%,18.4%,9.5%,3.74,1.7,5.19,0.22,13.7%,0.67,19959800000.0,2160820000.0,3273810000.0,-1112990000.0,11701900000.0,9765090000.0,13390600000.0,2784420000.0,931191000.0,3097100000.0,553390000.0,172902000.0,,,,,,
ABEV3,ON,AMBEV S/A ON,Bebidas,Cervejas e Refrigerantes,13.2,11.77,14.89,292871000.0,15753800000.0,207951000000.0,194027000000.0,13.79,0.96,2.3,5.73,12.23,50.3%,2.52,20.6%,1.51,18.8%,56.1,12.3%,-23.63,5.5%,16.5%,16.7%,8.4,1.11,11.41,0.04,13.2%,0.6,137914000000.0,3717670000.0,17641100000.0,-13923400000.0,37552700000.0,90254900000.0,82440700000.0,17003900000.0,15081200000.0,20317800000.0,4438050000.0,3911740000.0,,,,,,
HAPV3,ON NM,HAPVIDA ON NM,Serv.Méd.Hospit. Análises e Diagnósticos,Serv.Méd.Hospit. Análises e Diagnósticos,4.01,1.94,5.26,290469000.0,7539460000.0,30233200000.0,35711400000.0,-29.51,-0.14,0.62,6.51,866.51,24.4%,1.12,0.1%,0.4,-3.8%,71.01,0.0%,-1.81,0.0%,0.1%,-2.1%,15.94,1.05,1023.52,0.22,52.9%,0.36,74771900000.0,10898200000.0,5420110000.0,5478120000.0,8911270000.0,49114400000.0,26950300000.0,34890800.0,-1024390000.0,6881860000.0,124161000.0,-205669000.0,,,,,,
RAIL3,ON NM,RUMO S.A. ON NM,Transporte,Transporte Ferroviário,22.45,16.93,24.09,279989000.0,1854870000.0,41641800000.0,53747800000.0,43.27,0.52,2.61,8.59,12.58,36.8%,3.95,31.4%,0.84,9.1%,7.31,6.7%,-1.92,0.3%,7.9%,6.0%,9.96,1.99,16.24,1.2,11.3%,0.21,49319500000.0,19076300000.0,6970320000.0,12106000000.0,11464200000.0,15936700000.0,10541900000.0,3309820000.0,962302000.0,3175070000.0,1265270000.0,480678000.0,,,,,,
VBBR3,ON,VIBRA ON,"Petróleo, Gás e Biocombustíveis","Exploração, Refino e Distribuição",23.34,11.92,23.78,273925000.0,1165000000.0,27191100000.0,36758100000.0,13.36,1.75,2.01,11.64,6.87,4.6%,0.17,2.4%,0.66,1.2%,2.15,9.7%,-5.28,3.6%,13.0%,15.0%,8.16,2.31,9.29,1.18,20.2%,4.01,40978000000.0,16003000000.0,6436000000.0,9567000000.0,22271000000.0,13555000000.0,164361000000.0,3956000000.0,2035000000.0,43063000000.0,2136000000.0,1255000000.0,,,,,,
BPAC11,UNT,BTGP BANCO UNT,Intermediários Financeiros,Bancos,37.0,17.94,38.47,263399000.0,11506100000.0,141909000000.0,,16.05,2.31,2.97,12.46,,,,,,0.0%,,0.0%,,2.1%,,18.5%,,,,,35.3%,,426162000000.0,,,,,47772300000.0,,,8841310000.0,,,2622550000.0,120634000000.0,53329700000.0,8828850000.0,2237950000.0,3365870000.0,876159000.0
EQTL3,ON NM,EQUATORIAL ENERGIA S.A. ON NM,Energia Elétrica,Energia Elétrica,34.85,24.19,35.72,250304000.0,1147110000.0,39976700000.0,75864100000.0,21.48,1.62,2.04,17.06,4.84,30.1%,1.06,21.9%,0.4,7.1%,10.54,8.4%,-0.77,1.0%,9.7%,9.5%,7.61,1.19,9.18,2.31,23.0%,0.38,98775400000.0,45185100000.0,9297740000.0,35887400000.0,23859900000.0,19573900000.0,37656500000.0,8264940000.0,1861310000.0,10361500000.0,2501650000.0,720023000.0,,,,,,
SUZB3,ON,Suzano Papel ON,Madeira e Papel,Papel e Celulose,51.85,37.26,57.42,244461000.0,1324120000.0,68655500000.0,126733000000.0,4.03,12.86,1.64,31.54,4.84,42.6%,1.57,32.4%,0.48,39.0%,2.78,10.0%,-1.12,2.2%,12.3%,40.8%,5.86,2.82,8.93,1.88,20.0%,0.31,141618000000.0,78551000000.0,20473700000.0,58077300000.0,38226600000.0,41762300000.0,43753700000.0,14190500000.0,17033900000.0,8948010000.0,1699290000.0,-732993000.0,,,,,,
ELET3,ON,ELETROBRÁS ON,Energia Elétrica,Energia Elétrica,41.13,30.33,43.49,235048000.0,2307100000.0,94891000000.0,134051000000.0,29.64,1.39,0.84,49.03,9.04,50.0%,2.69,29.8%,0.34,8.6%,3.5,3.8%,-0.9,0.5%,4.3%,2.8%,9.51,1.88,12.77,0.63,19.4%,0.13,276807000000.0,71110700000.0,31951000000.0,39159700000.0,58035100000.0,113118000000.0,35240600000.0,10493300000.0,3201770000.0,8781430000.0,2445310000.0,1483900000.0,,,,,,
GGBR4,PN N1,GERDAU S.A. PN N1,Siderurgia e Metalurgia,Siderurgia,21.78,20.56,29.54,206851000.0,1757070000.0,38268900000.0,43744300000.0,4.71,4.63,0.76,28.8,3.69,17.5%,0.53,14.4%,0.5,11.3%,1.88,13.6%,7.26,7.3%,16.0%,16.1%,3.26,2.93,4.22,0.23,21.0%,0.94,76410400000.0,11478100000.0,6002670000.0,5475410000.0,30891800000.0,50600900000.0,72165000000.0,10366500000.0,8131230000.0,17063300000.0,2253810000.0,1581790000.0,,,,,,
ITSA4,PN N1,ITAÚSA PN N1,Intermediários Financeiros,Bancos,9.94,7.01,10.37,201133000.0,10328100000.0,102662000000.0,105486000000.0,7.44,1.34,1.29,7.72,113.06,33.6%,13.85,12.2%,1.0,193.3%,20.61,0.9%,-16.26,5.5%,1.0%,17.3%,54.37,1.65,116.17,0.14,14.4%,0.07,102815000000.0,11032000000.0,8208000000.0,2824000000.0,12675000000.0,79738000000.0,7415000000.0,908000000.0,13806000000.0,1769000000.0,136000000.0,4091000000.0,,,,,,
AZUL4,PN,AZUL PN,Transporte,Transporte Aéreo,14.07,6.79,21.86,200223000.0,348084000.0,4897540000.0,30073200000.0,-4.01,-3.51,-0.23,-61.15,1.93,21.1%,0.27,14.0%,0.25,-6.7%,-0.6,12.9%,-0.14,0.0%,15.6%,5.7%,6.1,0.42,11.85,-1.25,19.7%,0.92,19605100000.0,26575100000.0,1399390000.0,25175700000.0,5931440000.0,-21286100000.0,18102400000.0,2537640000.0,-1221580000.0,4916440000.0,725442000.0,-1614900000.0,,,,,,
RRRP3,ON NM,3R PETROLEUM ON NM,"Petróleo, Gás e Biocombustíveis","Exploração, Refino e Distribuição",28.35,25.82,46.07,195956000.0,240384000.0,6814880000.0,14574800000.0,-185.28,-0.15,1.31,21.57,7.59,31.7%,1.62,21.3%,0.35,-1.5%,118.23,4.7%,-0.59,0.0%,5.0%,-0.7%,10.33,1.02,16.24,1.65,153.8%,0.22,19276100000.0,8556400000.0,796495000.0,7759910000.0,2555700000.0,5185410000.0,4215670000.0,897288000.0,-36782000.0,2360260000.0,613134000.0,-83488000.0,,,,,,
CPLE6,PNB,COPEL PNB,Energia Elétrica,Energia Elétrica,10.05,6.37,10.36,190474000.0,2982810000.0,29977200000.0,39559700000.0,14.98,0.67,1.29,7.8,8.76,21.0%,1.36,15.5%,0.54,9.1%,6.94,6.1%,-1.59,3.3%,7.1%,8.6%,8.26,1.48,11.56,0.65,10.2%,0.4,55701400000.0,15140300000.0,5557890000.0,9582450000.0,13313700000.0,23253100000.0,22061100000.0,3423220000.0,2001060000.0,5543990000.0,505189000.0,435405000.0,,,,,,
SBSP3,ON NM,SABESP ON NM,Água e Saneamento,Água e Saneamento,77.09,44.12,77.3,187903000.0,683510000.0,52691800000.0,68719400000.0,17.69,4.36,1.78,43.3,10.25,35.0%,2.17,21.2%,0.89,12.3%,-4207.94,8.7%,-2.36,1.7%,9.3%,10.1%,8.77,1.0,13.37,0.64,7.9%,0.41,59054600000.0,19002900000.0,2975270000.0,16027600000.0,7120730000.0,29593900000.0,24238300000.0,5141720000.0,2979460000.0,6453250000.0,1695910000.0,846295000.0,,,,,,
WEGE3,ON N1,WEG SA ON N1,Máquinas e Equipamentos,"Motores, Compressores e Outros",33.25,31.42,41.52,183241000.0,4197320000.0,139561000000.0,136686000000.0,26.94,1.23,8.66,3.84,20.05,32.4%,4.37,21.8%,4.64,16.6%,14.51,23.1%,19.2,1.8%,31.6%,32.1%,18.05,1.86,19.64,0.18,27.1%,1.06,30075800000.0,2848570000.0,5723310000.0,-2874740000.0,20745900000.0,16123000000.0,31922000000.0,6959130000.0,5179930000.0,8074840000.0,1753670000.0,1311690000.0,,,,,,
CMIG4,PN N1,CEMIG PN N1,Energia Elétrica,Energia Elétrica,11.66,9.35,12.82,176722000.0,2201370000.0,25668000000.0,33605800000.0,4.86,2.4,1.05,11.1,3.12,24.7%,0.71,22.8%,0.46,14.7%,8.01,14.7%,-1.44,11.1%,16.7%,21.6%,3.55,1.3,4.08,0.5,11.9%,0.64,56165400000.0,12105900000.0,4168070000.0,7937840000.0,13919400000.0,24427800000.0,36071700000.0,8235230000.0,5285360000.0,9426630000.0,1843280000.0,1236710000.0,,,,,,
BBSE3,ON NM,BBSEGURIDADE ON NM,Previdência e Seguros,Seguradoras,33.74,28.23,34.63,176054000.0,2000000000.0,67480000000.0,,8.81,3.83,6.33,5.33,7.77,,,,4.16,0.0%,,53.5%,,10.3%,,71.8%,,,,,,,16236700000.0,0.0,0.0,0.0,0.0,10663200000.0,0.0,8684390000.0,7656000000.0,0.0,2354270000.0,2124280000.0,,,,,,
MRVE3,ON NM,MRV ON NM,Construção Civil,Incorporações,7.98,5.53,14.14,169519000.0,562827000.0,4491360000.0,11448300000.0,-18.95,-0.42,0.65,12.19,22.73,21.9%,0.63,2.8%,0.19,-2.9%,0.84,0.8%,-0.78,0.0%,0.9%,-3.5%,31.87,1.99,57.94,1.12,3.9%,0.3,24086800000.0,7697060000.0,740097000.0,6956960000.0,10713300000.0,6862600000.0,7162840000.0,197595000.0,-237040000.0,1973610000.0,112524000.0,-136527000.0,,,,,,
EMBR3,ON,EMBRAER ON,Material de Transporte,Material Aeronáutico e de Defesa,22.72,16.0,24.36,160022000.0,740465000.0,16823400000.0,23244300000.0,-411.91,-0.06,1.32,17.23,7.58,18.0%,0.63,8.3%,0.32,-0.3%,1.45,4.3%,-1.95,0.0%,5.6%,-0.3%,6.85,1.65,10.48,1.12,21.6%,0.51,52147300000.0,14344300000.0,7923370000.0,6420940000.0,29537300000.0,12757400000.0,26838400000.0,2218630000.0,-40842000.0,6295990000.0,537346000.0,304458000.0,,,,,,
ASAI3,ON NM,ASSAI ON NM,Comércio e Distribuição,Alimentos,14.0,10.5,20.94,158786000.0,1351830000.0,18925700000.0,28602700000.0,23.11,0.61,4.38,3.2,4.38,16.4%,0.3,6.7%,0.46,1.3%,-5.54,10.5%,-0.8,0.4%,17.5%,18.9%,5.02,0.79,6.62,3.26,58.8%,1.55,41341000000.0,14094000000.0,4417000000.0,9677000000.0,13215000000.0,4325000000.0,64036000000.0,4321000000.0,819000000.0,17002000000.0,1180000000.0,185000000.0,,,,,,
RADL3,ON,RAIADROGASIL ON,Comércio e Distribuição,Medicamentos e Outros Produtos,26.0,21.29,29.51,156436000.0,1718010000.0,44668200000.0,47153100000.0,41.38,0.63,7.81,3.33,22.28,30.0%,1.36,6.1%,2.3,3.3%,12.34,10.3%,-19.67,1.2%,14.2%,18.9%,12.96,1.47,23.52,0.54,18.6%,1.7,19386500000.0,3104470000.0,619524000.0,2484940000.0,11320800000.0,5721820000.0,32885700000.0,2004490000.0,1079360000.0,8675810000.0,488973000.0,263685000.0,,,,,,
NTCO3,ON NM,GRUPO NATURA ON NM,Produtos de Uso Pessoal e de Limpeza,Produtos de Uso Pessoal,16.2,10.52,18.34,153757000.0,1386850000.0,22466900000.0,21904500000.0,4.73,3.43,0.8,20.21,14.52,65.0%,0.68,4.7%,0.44,14.4%,2.86,3.1%,-4.44,0.0%,4.0%,16.9%,5.52,1.82,14.15,0.22,-5.9%,0.65,50570800000.0,6210900000.0,6773350000.0,-562448000.0,17463100000.0,28029100000.0,33001100000.0,1547590000.0,4750110000.0,7517260000.0,378879000.0,7024430000.0,,,,,,
JBSS3,ON NM,JBS ON NM,Alimentos Processados,Carnes e Derivados,24.2,15.28,25.17,151616000.0,2218120000.0,53678400000.0,134067000000.0,44.51,0.54,1.28,18.92,-0.99,-5.6%,0.15,-15.1%,0.25,0.4%,1.52,-25.4%,-0.65,4.1%,-34.4%,2.9%,-3.05,1.7,-2.46,2.58,17.9%,1.68,214515000000.0,108114000000.0,27725100000.0,80388600000.0,86249200000.0,41972500000.0,360341000000.0,-54422500000.0,1206110000.0,91409500000.0,2635730000.0,572651000.0,,,,,,
UGPA3,ON,ULTRAPAR PARTICIPAÇÕES SA ON,"Petróleo, Gás e Biocombustíveis","Exploração, Refino e Distribuição",27.95,12.07,28.06,142439000.0,1115210000.0,31170200000.0,38833700000.0,14.41,1.94,2.45,11.39,6.73,6.8%,0.24,3.6%,0.86,1.7%,3.85,12.7%,-6.08,1.3%,18.4%,17.0%,6.79,1.81,8.38,1.1,13.0%,3.53,36409100000.0,13909800000.0,6246320000.0,7663510000.0,18039100000.0,12701500000.0,128585000000.0,4632330000.0,2163410000.0,32483500000.0,1737640000.0,864854000.0,,,,,,
ENGI11,UNT N2,ENERGISA UNT N2,Energia Elétrica,Energia Elétrica,50.09,35.01,54.44,139955000.0,2039090000.0,20427600000.0,45879900000.0,12.09,4.14,1.7,29.54,3.53,27.2%,0.75,21.4%,0.31,8.3%,-54.47,8.9%,-0.58,5.0%,10.1%,14.0%,6.31,0.98,7.92,2.58,11.5%,0.42,65288700000.0,31039100000.0,5586730000.0,25452300000.0,15282500000.0,12045000000.0,27117500000.0,5789740000.0,1688980000.0,7329170000.0,1653640000.0,493390000.0,,,,,,
CYRE3,PN,CYRELA BRAZIL REALTY PN,Construção Civil,Incorporações,23.16,12.48,25.33,129094000.0,399743000.0,9258050000.0,11532000000.0,10.26,2.26,1.19,19.47,11.85,32.1%,1.57,13.2%,0.54,15.2%,1.6,4.6%,28.87,3.6%,5.5%,11.6%,14.23,2.93,14.76,0.63,11.2%,0.35,17023200000.0,4926020000.0,2652030000.0,2273990000.0,8804030000.0,7782360000.0,5913380000.0,781189000.0,901981000.0,1625990000.0,239858000.0,251319000.0,,,,,,
ARZZ3,ON NM,AREZZO CO ON NM,Comércio,"Tecidos, Vestuário e Calçados",57.25,55.51,86.4,127543000.0,110989000.0,6354120000.0,6803060000.0,16.52,3.47,2.2,26.05,12.58,53.6%,1.34,10.7%,1.13,8.1%,12.44,9.0%,-153.72,3.4%,11.4%,13.3%,9.39,1.23,13.47,0.38,37.5%,0.84,5634420000.0,1092500000.0,643566000.0,448935000.0,2683760000.0,2891400000.0,4733550000.0,504915000.0,384642000.0,1265820000.0,145392000.0,113863000.0,,,,,,
BRFS3,ON NM,BRF Foods ON NM,Alimentos Processados,Carnes e Derivados,14.47,5.55,15.18,127486000.0,1682470000.0,24345400000.0,35263800000.0,-6.59,-2.19,1.72,8.39,1030.34,15.0%,0.45,0.0%,0.41,-6.6%,3.84,0.0%,-1.54,0.0%,0.1%,-26.1%,11.1,1.29,1492.42,1.58,17.1%,0.91,59253900000.0,22328800000.0,11410400000.0,10918500000.0,28535400000.0,14121800000.0,53957800000.0,23628600.0,-3692170000.0,13806200000.0,434140000.0,-387014000.0,,,,,,
RDOR3,ON NM,REDE D OR ON NM,Serv.Méd.Hospit. Análises e Diagnósticos,Serv.Méd.Hospit. Análises e Diagnósticos,27.17,19.75,36.52,120132000.0,2289290000.0,62200100000.0,64242500000.0,37.03,0.73,2.73,9.95,12.37,17.3%,1.53,12.4%,0.65,4.4%,2.21,5.2%,-2.29,1.4%,8.0%,7.4%,9.4,2.7,12.78,1.48,41.8%,0.42,95912300000.0,33678600000.0,31636200000.0,2042410000.0,44719300000.0,22773400000.0,40558000000.0,5028250000.0,1679500000.0,11812300000.0,1523590000.0,753845000.0,,,,,,
CSAN3,ON,COSAN SA INDUSTRIA E COMERCIO ON,"Petróleo, Gás e Biocombustíveis","Exploração, Refino e Distribuição",18.46,13.28,20.49,118658000.0,1874070000.0,34595400000.0,81770600000.0,-74.87,-0.25,1.87,9.86,5.01,26.7%,0.85,17.0%,0.25,6.4%,3.21,5.0%,-0.56,2.3%,5.8%,-2.5%,7.99,1.62,11.85,3.37,39.1%,0.29,137854000000.0,62256700000.0,15081400000.0,47175300000.0,28130600000.0,18481500000.0,40649400000.0,6900980000.0,-462058000.0,10253600000.0,2223230000.0,678752000.0,,,,,,
SOMA3,ON NM,GRUPO SOMA ON NM,Comércio,"Tecidos, Vestuário e Calçados",7.04,5.06,12.27,117894000.0,784747000.0,5524620000.0,6677750000.0,18.08,0.39,0.72,9.73,10.84,56.6%,1.06,9.8%,0.51,5.9%,3.8,4.7%,22.33,1.4%,5.2%,4.0%,8.24,1.76,13.11,0.17,59.6%,0.49,10750100000.0,1329080000.0,175946000.0,1153130000.0,3359780000.0,7637750000.0,5219520000.0,509450000.0,305635000.0,1364130000.0,146994000.0,98901000.0,,,,,,
CIEL3,ON NM,CIELO ON NM,Serviços Financeiros Diversos,Serviços Financeiros Diversos,4.86,3.19,5.47,117734000.0,2716820000.0,13203700000.0,18760000000.0,6.31,0.77,1.1,4.41,8.49,48.3%,2.01,23.7%,0.14,31.9%,1.06,1.6%,3.67,5.8%,5.3%,17.5%,9.22,1.17,12.06,0.54,-4.3%,0.07,96936000000.0,6414380000.0,858056000.0,5556320000.0,85746300000.0,11970700000.0,6563200000.0,1555240000.0,2092280000.0,2619010000.0,801613000.0,456783000.0,,,,,,
CSNA3,ON,CSN ON,Siderurgia e Metalurgia,Siderurgia,17.92,10.38,19.66,117538000.0,1326090000.0,23763600000.0,50890600000.0,-26.99,-0.66,1.34,13.39,3.35,26.0%,0.53,15.9%,0.27,-0.6%,2.15,8.0%,-0.65,10.9%,10.9%,-5.0%,4.89,1.53,7.18,2.45,17.9%,0.5,88409700000.0,43574200000.0,16447200000.0,27127000000.0,31712500000.0,17762500000.0,44562100000.0,7085190000.0,-880332000.0,11125000000.0,1630070000.0,-154480000.0,,,,,,
ALOS3,ON,ALLOS ON,Exploração de Imóveis,Exploração de Imóveis,24.69,15.46,26.84,109438000.0,573937000.0,14170500000.0,12533900000.0,4.52,5.46,0.96,25.62,13.82,68.7%,6.33,45.8%,0.51,144.7%,13.81,3.7%,-1.52,2.1%,3.9%,21.3%,7.82,1.58,12.22,,37.3%,0.08,27981200000.0,0.0,1636600000.0,-1636600000.0,2787630000.0,14703000000.0,2237080000.0,1025590000.0,3134650000.0,653037000.0,311072000.0,23682000.0,,,,,,
ENEV3,ON,ENEVA ON,Energia Elétrica,Energia Elétrica,12.9,10.16,13.65,107095000.0,1584450000.0,20439400000.0,36505500000.0,61.6,0.21,1.58,8.17,9.1,36.0%,2.11,23.2%,0.42,3.6%,11.62,4.6%,-0.91,0.0%,5.6%,2.6%,9.54,1.18,16.25,1.83,35.9%,0.2,48962500000.0,23712000000.0,7645860000.0,16066100000.0,11306900000.0,12943500000.0,9679980000.0,2246080000.0,331787000.0,2380490000.0,483342000.0,-86895000.0,,,,,,
TIMS3,ON NM,TIM ON NM,Telecomunicações,Telecomunicações,17.39,10.24,18.24,105846000.0,2420800000.0,42097800000.0,42488600000.0,18.36,0.95,1.65,10.56,9.5,51.0%,1.8,18.9%,0.75,9.8%,-14.61,7.9%,-2.15,5.2%,9.3%,9.0%,3.65,0.79,9.59,0.19,11.2%,0.42,55973000000.0,4837070000.0,4446240000.0,390829000.0,10836800000.0,25574100000.0,23383100000.0,4429490000.0,2293100000.0,6055320000.0,1339750000.0,716005000.0,,,,,,
TOTS3,ON NM,TOTVS ON NM,Programas e Serviços,Programas e Serviços,30.9,24.98,34.6,105666000.0,617183000.0,19071000000.0,17723100000.0,24.94,1.24,4.05,7.64,12.12,70.4%,4.51,37.2%,2.18,18.7%,7.47,18.0%,179.4,1.4%,28.3%,16.2%,9.61,2.97,11.26,0.36,17.9%,0.48,8755180000.0,1708900000.0,3056730000.0,-1347830000.0,3849920000.0,4712480000.0,4227890000.0,1573340000.0,764710000.0,1153400000.0,418389000.0,427734000.0,,,,,,
VIVT3,ON,TELEF BRASIL ON,Telecomunicações,Telecomunicações,50.75,36.65,53.91,105531000.0,1652590000.0,83868800000.0,97066600000.0,18.41,2.76,1.21,41.92,11.88,43.5%,1.64,13.8%,0.7,8.9%,-51.06,5.9%,-2.68,4.1%,6.6%,6.6%,4.8,0.92,13.75,0.26,3.9%,0.43,119991000000.0,17754400000.0,4556630000.0,13197800000.0,19401300000.0,69269900000.0,51224700000.0,7058110000.0,4555080000.0,13111800000.0,1847530000.0,1471540000.0,,,,,,
KLBN11,UNT N2,KLABIN UNT N2,Madeira e Papel,Papel e Celulose,21.78,17.04,23.76,101007000.0,5617890000.0,24471500000.0,45353200000.0,8.5,2.56,2.19,9.93,5.33,39.1%,1.32,24.7%,0.47,18.8%,3.36,8.9%,-1.0,6.2%,11.1%,25.8%,5.85,2.16,9.89,2.57,18.3%,0.36,51693700000.0,28734800000.0,7853130000.0,20881700000.0,13576600000.0,11159900000.0,18607100000.0,4587690000.0,2879830000.0,4400410000.0,685380000.0,258302000.0,,,,,,
CRFB3,ON NM,CARREFOUR BR ON NM,Comércio e Distribuição,Alimentos,10.98,8.5,16.26,97157200.0,2108290000.0,23149100000.0,39971100000.0,118.11,0.09,1.17,9.38,5.52,19.2%,0.21,3.8%,0.26,0.4%,-5.94,4.8%,-0.84,1.3%,6.1%,1.0%,6.47,0.91,9.53,1.05,17.5%,1.26,87429000000.0,20773000000.0,3951000000.0,16822000000.0,38488000000.0,19775000000.0,110097000000.0,4196000000.0,196000000.0,26986000000.0,926000000.0,132000000.0,,,,,,
GOAU4,PN N1,METALÚRGICA GERDAU PN N1,Siderurgia e Metalurgia,Siderurgia,10.02,9.26,12.79,94973000.0,1032710000.0,10347700000.0,14845900000.0,3.77,2.66,0.58,17.38,1.0,17.5%,0.14,14.3%,0.13,11.3%,0.48,13.4%,1.65,15.9%,16.0%,15.3%,1.11,3.02,1.43,0.64,21.0%,0.93,77423600000.0,11478100000.0,6979870000.0,4498200000.0,31899900000.0,17948100000.0,72165000000.0,10350900000.0,2744540000.0,17063300000.0,2250270000.0,550676000.0,,,,,,
BRKM5,PNA N1,BRASKEM PNA N1,Químicos,Petroquímicos,18.29,16.07,30.95,93221800.0,797208000.0,14580900000.0,38429500000.0,-3.09,-5.91,2.9,6.3,-4.8,2.7%,0.2,-4.2%,0.16,-6.9%,1.11,-3.3%,-0.29,0.0%,-5.1%,-93.9%,17.35,1.54,-12.65,8.47,13.7%,0.79,92015300000.0,42527800000.0,18679300000.0,23848500000.0,37275800000.0,5022600000.0,72867500000.0,-3036790000.0,-4714840000.0,16675500000.0,-626131000.0,-2418210000.0,,,,,,
USIM5,PNA N1,USIMINAS PNA N1,Siderurgia e Metalurgia,Siderurgia,9.03,5.87,9.34,91167500.0,1253080000.0,11315300000.0,11663700000.0,-24.29,-0.37,0.48,18.71,8.77,8.5%,0.4,4.5%,0.28,-0.6%,0.85,3.2%,2.38,3.6%,4.0%,-2.0%,5.08,3.43,9.04,0.26,24.3%,0.71,40205300000.0,6068700000.0,5720300000.0,348399000.0,18886200000.0,23446300000.0,28516800000.0,1290180000.0,-465771000.0,6714210000.0,-101270000.0,-211976000.0,,,,,,
HYPE3,ON,HYPERA ON,Comércio e Distribuição,Medicamentos e Outros Produtos,31.59,29.67,45.74,90858200.0,633421000.0,20009800000.0,27630700000.0,11.31,2.79,1.76,17.98,7.58,63.1%,2.44,32.2%,0.82,21.6%,5.24,10.9%,-4.2,3.9%,12.1%,15.5%,9.67,1.89,10.47,0.86,27.4%,0.34,24270100000.0,9839350000.0,2218400000.0,7620950000.0,8101970000.0,11388400000.0,8189130000.0,2640120000.0,1768780000.0,2138460000.0,700374000.0,499428000.0,,,,,,
IRBR3,ON NM,IRBBRASIL RE ON NM,Previdência e Seguros,Seguradoras,40.92,18.45,54.06,89417900.0,82263000.0,3366200000.0,,89.46,0.46,0.81,50.69,-6.11,0.8%,0.52,-8.5%,0.16,0.6%,,-2.5%,,0.0%,,0.9%,,,,,,0.3,21686800000.0,0.0,0.0,0.0,0.0,4169510000.0,6478740000.0,-551197000.0,37626000.0,1457590000.0,-114005000.0,47744000.0,,,,,,
BEEF3,ON NM,Minerva ON NM,Alimentos Processados,Carnes e Derivados,7.12,6.72,13.91,85875200.0,607283000.0,4323850000.0,13288300000.0,11.84,0.6,6.89,1.03,2.16,19.9%,0.16,7.3%,0.17,1.3%,0.61,7.7%,-0.45,7.7%,15.9%,58.1%,5.27,1.87,6.63,30.93,16.4%,1.06,25906800000.0,19421700000.0,10457300000.0,8964440000.0,15167900000.0,627948000.0,27564800000.0,2003970000.0,365074000.0,7067640000.0,553007000.0,155496000.0,,,,,,
BBDC3,ON N1,BANCO BRADESCO S.A. ON N1,Intermediários Financeiros,Bancos,13.7,10.62,15.27,85357200.0,10642200000.0,145798000000.0,,9.81,1.4,0.91,15.11,,,,,,0.0%,,0.0%,,7.4%,,9.2%,,,,,-14.5%,,1570360000000.0,,,,,160801000000.0,,,14855400000.0,,,4621120000.0,0.0,0.0,17726000000.0,5656430000.0,20849100000.0,5086640000.0
MRFG3,ON NM,Marfrig ON NM,Alimentos Processados,Carnes e Derivados,9.74,6.11,10.4,81371600.0,932000000.0,9077680000.0,41230800000.0,-4.2,-2.32,1.48,6.58,10.76,10.0%,0.07,0.6%,0.07,-4.0%,0.94,0.6%,-0.17,0.0%,0.9%,-35.3%,5.42,1.22,48.88,9.09,32.7%,1.02,133957000000.0,55695300000.0,23542200000.0,32153100000.0,54065100000.0,6129530000.0,136355000000.0,843557000.0,-2163330000.0,34695100000.0,707658000.0,-111660000.0,,,,,,
VIVA3,ON NM,VIVARA S.A. ON NM,"Tecidos, Vestuário e Calçados",Acessórios,34.77,19.65,35.61,79545700.0,236198000.0,8212600000.0,8280150000.0,21.45,1.62,4.38,7.95,19.61,69.6%,4.0,20.4%,2.72,18.6%,7.1,13.9%,13.98,1.0%,15.6%,20.4%,15.13,3.01,19.78,0.15,29.3%,0.68,3022750000.0,274382000.0,206834000.0,67547500.0,1733660000.0,1876600000.0,2052890000.0,418705000.0,382848000.0,457311000.0,68754300.0,76538800.0,,,,,,
TRPL4,PN N1,TRANSMISSÃO PAULISTA PN N1,Energia Elétrica,Energia Elétrica,26.23,19.68,27.05,78530500.0,658883000.0,17282500000.0,24500100000.0,7.32,3.59,0.96,27.28,5.47,59.8%,3.0,54.9%,0.49,41.9%,6.23,9.0%,-1.59,8.4%,9.5%,13.1%,7.68,1.9,7.75,0.5,13.9%,0.16,35162700000.0,9073800000.0,1856180000.0,7217610000.0,5844500000.0,17977200000.0,5759320000.0,3162190000.0,2362290000.0,1482510000.0,753281000.0,470042000.0,,,,,,
EGIE3,ON,ENGIE BRASIL ON,Energia Elétrica,Energia Elétrica,41.23,34.91,45.33,73107200.0,815928000.0,33640700000.0,48411100000.0,9.98,4.13,3.99,10.34,6.09,53.4%,3.02,49.6%,0.85,30.3%,65.07,14.0%,-1.42,7.0%,15.5%,40.0%,7.52,1.09,8.77,2.12,3.9%,0.28,39397400000.0,17855700000.0,3085250000.0,14770400000.0,6324340000.0,8436830000.0,11138200000.0,5521680000.0,3371920000.0,2513510000.0,1216800000.0,867279000.0,,,,,,
RAIZ4,PN N2,RAIZEN PN N2,"Petróleo, Gás e Biocombustíveis","Exploração, Refino e Distribuição",3.73,2.17,4.41,72607200.0,10352500000.0,38614900000.0,80134000000.0,11.4,0.33,1.75,2.13,4.1,8.0%,0.17,4.2%,0.32,1.6%,10.83,7.7%,-0.92,7.1%,9.9%,15.3%,4.65,1.07,8.52,2.18,19.6%,1.82,122573000000.0,48102400000.0,6583320000.0,41519100000.0,57887700000.0,22074200000.0,223614000000.0,9409940000.0,3388070000.0,59455900000.0,2198100000.0,-19026000.0,,,,,,
CCRO3,ON NM,COMPANHIA DE CONCESSÕES RODOVIÁRIAS ON NM,Transporte,Exploração de Rodovias,13.31,10.59,14.53,72370100.0,2020000000.0,26886200000.0,49540900000.0,28.79,0.46,2.12,6.28,4.95,42.9%,1.62,32.8%,0.51,5.9%,20.83,10.3%,-0.95,1.5%,12.2%,7.4%,7.26,1.13,9.12,2.39,17.2%,0.31,52912200000.0,30258900000.0,7604250000.0,22654700000.0,11316200000.0,12677100000.0,16567700000.0,5430180000.0,933968000.0,4426170000.0,1198880000.0,251532000.0,,,,,,
BRAP4,PN N1,BRADESPAR S/A PN N1,Mineração,Minerais Metálicos,23.05,19.42,29.34,71291800.0,393097000.0,9060890000.0,8557820000.0,4.27,5.4,1.13,20.41,-443.62,,,,1.11,0.0%,19.73,-0.3%,19.75,13.1%,-0.3%,26.4%,-418.99,5.31,-418.99,,,,8130680000.0,0.0,503064000.0,-503064000.0,565717000.0,8023720000.0,0.0,-20425000.0,2121610000.0,0.0,-5045000.0,429427000.0,,,,,,
MULT3,ON N2,Multiplan ON N2,Exploração de Imóveis,Exploração de Imóveis,27.75,21.82,29.04,71196600.0,600761000.0,16671100000.0,18577300000.0,17.42,1.59,2.42,11.49,11.0,92.7%,8.49,77.2%,1.54,48.7%,104.46,14.0%,-6.72,3.6%,15.3%,13.9%,11.05,1.12,12.26,0.38,13.4%,0.18,10817900000.0,2634520000.0,728332000.0,1906180000.0,1437370000.0,6899850000.0,1963460000.0,1515020000.0,956837000.0,506605000.0,358822000.0,263375000.0,,,,,,
CVCB3,ON NM,CVC BRASIL ON NM,Viagens e Lazer,Viagens e Turismo,3.21,2.2,5.14,70175200.0,525591000.0,1687150000.0,2077770000.0,-3.52,-0.91,3.87,0.83,-291.99,100.0%,1.34,-0.5%,0.42,-38.0%,-4.08,-0.1%,-1.23,0.0%,-0.2%,-109.8%,10.17,0.84,-359.6,1.73,-4.3%,0.31,4025370000.0,756601000.0,365980000.0,390621000.0,2214920000.0,436424000.0,1262050000.0,-5778020.0,-479179000.0,375838000.0,90424000.0,-87504000.0,,,,,,
YDUQ3,ON,YDUQS PART ON,Diversos,Serviços Educacionais,19.52,6.47,23.7,68477400.0,309089000.0,6033420000.0,10196400000.0,32.08,0.61,1.86,10.48,7.42,59.3%,1.2,16.2%,0.62,3.8%,6.93,8.3%,-1.51,1.4%,9.7%,5.8%,6.46,1.52,12.54,1.65,9.0%,0.51,9798220000.0,5344630000.0,1181640000.0,4162990000.0,2561060000.0,3239030000.0,5019500000.0,813085000.0,188071000.0,1296590000.0,257145000.0,92519000.0,,,,,,
COGN3,ON,COGNA ON,Diversos,Serviços Educacionais,3.04,1.76,3.52,68388000.0,1876610000.0,5704880000.0,11782300000.0,-19.08,-0.16,0.47,6.44,4.44,64.8%,1.0,22.6%,0.23,-5.5%,7.36,5.1%,-0.74,0.0%,5.6%,-2.5%,6.03,1.21,9.17,0.61,-6.4%,0.23,25222300000.0,7373550000.0,1296110000.0,6077440000.0,4390950000.0,12083300000.0,5682550000.0,1285540000.0,-299049000.0,1270040000.0,91723000.0,-102585000.0,,,,,,
GOLL4,PN,GOL LINHAS AEREAS INTELIGENTES SA PN,Transporte,Transporte Aéreo,6.44,5.06,13.19,67471500.0,419300000.0,2700290000.0,12214700000.0,25.39,0.25,-0.12,-52.54,1.28,29.0%,0.15,11.4%,0.16,0.6%,-0.26,12.3%,-0.08,0.0%,14.9%,-0.5%,3.21,0.25,5.8,-0.47,12.1%,1.07,17191400000.0,10419400000.0,904929000.0,9514450000.0,3539100000.0,-22029000000.0,18458200000.0,2106980000.0,106357000.0,4665450000.0,721265000.0,-1300370000.0,,,,,,
AURE3,ON NM,AUREN ON NM,Energia Elétrica,Energia Elétrica,13.24,11.62,13.67,67381800.0,1000000000.0,13240000000.0,14547900000.0,6.53,2.03,0.95,13.96,15.38,21.1%,2.22,14.4%,0.42,34.0%,3.56,2.8%,-1.4,22.7%,3.4%,14.5%,10.03,1.92,16.9,0.44,21.6%,0.19,31219200000.0,6212670000.0,4904740000.0,1307930000.0,7789640000.0,13962400000.0,5963080000.0,860840000.0,2027860000.0,1626590000.0,231929000.0,-838116000.0,,,,,,
RECV3,ON NM,PETRORECONCA ON NM,"Petróleo, Gás e Biocombustíveis","Exploração, Refino e Distribuição",23.66,16.84,32.46,67311500.0,293338000.0,6940380000.0,7139040000.0,7.46,3.17,1.57,15.1,7.43,37.0%,2.39,32.2%,1.0,32.1%,50.64,13.5%,-5.85,4.2%,16.1%,21.0%,4.92,1.12,7.64,0.21,16.8%,0.42,6912650000.0,919560000.0,720895000.0,198665000.0,1296350000.0,4429210000.0,2901960000.0,934459000.0,930890000.0,747829000.0,199184000.0,145097000.0,,,,,,
SLCE3,ON NM,SLC Agricola ON NM,Agropecuária,Agricultura,19.35,17.17,22.39,63646300.0,443330000.0,8578430000.0,11997600000.0,7.46,2.59,1.65,11.72,3.66,31.6%,0.89,24.3%,0.52,12.7%,2.18,14.2%,-2.81,6.6%,16.4%,22.1%,4.7,1.97,5.12,0.98,38.7%,0.58,16548900000.0,5081930000.0,1662810000.0,3419120000.0,7972230000.0,5197090000.0,9627220000.0,2343690000.0,1150000000.0,2100690000.0,421824000.0,164827000.0,,,,,,
VAMO3,ON NM,VAMOS ON NM,Diversos,Aluguel de carros,8.17,7.39,14.34,62912600.0,1104320000.0,9022330000.0,17774200000.0,13.97,0.58,1.85,4.42,4.3,44.4%,1.5,34.8%,0.47,10.7%,3.18,10.9%,-1.03,4.1%,12.6%,13.2%,6.83,2.03,8.48,2.13,63.6%,0.31,19219200000.0,10415300000.0,1663400000.0,8751900000.0,5600510000.0,4878780000.0,6024180000.0,2096690000.0,645802000.0,1481510000.0,548818000.0,115800000.0,,,,,,
IGTI11,UNT N1,IGUATEMI S.A UNT N1,Exploração de Imóveis,Exploração de Imóveis,23.57,17.67,24.71,62562600.0,2104090000.0,7084790000.0,8923720000.0,25.46,0.93,1.71,13.82,12.7,62.0%,6.24,49.2%,0.97,25.0%,12.1,7.7%,-4.2,0.9%,9.0%,6.7%,12.24,1.71,16.0,0.7,13.1%,0.16,7267230000.0,2898910000.0,1059980000.0,1838930000.0,1409750000.0,4153350000.0,1134690000.0,557837000.0,278294000.0,279547000.0,151521000.0,59706000.0,,,,,,
LWSA3,ON NM,LOCAWEB ON NM,Programas e Serviços,Programas e Serviços,5.51,4.43,9.54,62010500.0,596886000.0,3288840000.0,2251880000.0,-371.37,-0.01,1.13,4.89,47.7,45.4%,2.63,5.5%,0.73,-0.7%,5.6,1.5%,10.1,0.9%,2.1%,-0.3%,12.19,1.45,32.66,0.02,41.7%,0.28,4496010000.0,70052000.0,1107020000.0,-1036960000.0,1900270000.0,2921510000.0,1249720000.0,68942000.0,-8856000.0,330090000.0,15982000.0,3870000.0,,,,,,
CPFE3,ON,CPFL ENERGIA S.A. ON,Energia Elétrica,Energia Elétrica,36.36,26.63,38.74,59582200.0,1152250000.0,41896000000.0,61321900000.0,7.81,4.66,2.31,15.77,3.88,33.2%,1.05,27.0%,0.57,14.0%,-13.67,14.6%,-1.12,7.9%,16.6%,29.5%,4.83,0.85,5.68,1.38,10.0%,0.54,73774900000.0,25129600000.0,5703710000.0,19425900000.0,16947000000.0,18172700000.0,39939700000.0,10786600000.0,5367420000.0,9974970000.0,2614540000.0,1247520000.0,,,,,,
SMTO3,ON NM,SAO MARTINHO ON NM,Alimentos Processados,Açucar e Alcool,28.76,22.93,40.73,59343700.0,354011000.0,10181400000.0,17708400000.0,8.35,3.45,1.65,17.42,7.42,30.8%,1.64,22.0%,0.53,19.6%,2.91,7.2%,-1.49,4.3%,8.0%,19.8%,5.24,2.34,12.91,1.48,17.2%,0.33,19137100000.0,9140080000.0,1613000000.0,7527080000.0,6119890000.0,6167340000.0,6225890000.0,1371360000.0,1219930000.0,1534990000.0,350802000.0,418094000.0,,,,,,
CPLE3,ON,COPEL ON,Energia Elétrica,Energia Elétrica,9.11,5.69,9.51,56651900.0,2982810000.0,27173400000.0,36755900000.0,13.58,0.67,1.17,7.8,7.94,21.0%,1.23,15.5%,0.49,9.1%,6.29,6.1%,-1.44,3.3%,7.1%,8.6%,7.68,1.48,10.74,0.65,10.2%,0.4,55701400000.0,15140300000.0,5557890000.0,9582450000.0,13313700000.0,23253100000.0,22061100000.0,3423220000.0,2001060000.0,5543990000.0,505189000.0,435405000.0,,,,,,
SMFT3,ON NM,SMART FIT ON NM,Viagens e Lazer,Atividades Esportivas,24.83,12.95,26.03,56052500.0,586242000.0,14556400000.0,15253900000.0,32.2,0.77,3.09,8.04,33.75,40.8%,6.88,20.4%,1.1,21.5%,13.2,3.3%,-2.92,1.8%,4.3%,9.6%,9.97,1.47,35.36,0.74,9.8%,0.16,13195300000.0,3464520000.0,2767010000.0,697511000.0,3471320000.0,4713060000.0,2117150000.0,431342000.0,452074000.0,1089190000.0,222646000.0,60277000.0,,,,,,
CMIN3,ON N2,CSNMINERACAO ON N2,Mineração,Minerais Metálicos,6.66,3.71,7.99,54996600.0,5485340000.0,36532400000.0,34346300000.0,11.86,0.56,3.19,2.09,6.24,46.7%,2.11,33.8%,1.23,17.8%,4.09,19.8%,-7.76,11.7%,33.7%,26.9%,4.98,2.96,5.86,0.74,-9.6%,0.59,29625100000.0,8448120000.0,10634200000.0,-2186060000.0,13472900000.0,11444200000.0,17345900000.0,5859040000.0,3081280000.0,4839550000.0,1725200000.0,1199930000.0,,,,,,
POMO4,PN N2,MARCOPOLO PN N2,Material de Transporte,Material Rodoviário,7.87,2.75,7.87,54091700.0,946893000.0,7452050000.0,8485120000.0,9.35,0.84,2.21,3.56,9.17,21.7%,1.16,12.7%,0.98,12.5%,3.01,10.7%,17.92,4.2%,14.6%,23.6%,8.95,2.16,10.44,0.73,10.5%,0.84,7613290000.0,2464320000.0,1431250000.0,1033070000.0,4614030000.0,3369750000.0,6422160000.0,812665000.0,796730000.0,1614830000.0,230154000.0,159858000.0,,,,,,
PETZ3,ON NM,PETZ ON NM,Comércio,Produtos Diversos,3.43,3.43,7.63,53368100.0,462524000.0,1586460000.0,1571120000.0,49.52,0.07,0.88,3.9,8.6,46.6%,0.51,5.9%,0.4,1.0%,2.45,4.6%,-1.97,0.5%,5.8%,1.8%,3.16,1.9,8.52,0.25,27.0%,0.79,3975300000.0,456429000.0,471765000.0,-15336000.0,1368760000.0,1801540000.0,3140670000.0,184469000.0,32038000.0,794123000.0,44239000.0,1477000.0,,,,,,
TAEE11,UNT,TAESA UNT,Energia Elétrica,Energia Elétrica,36.79,32.08,37.85,53007700.0,1033500000.0,12674100000.0,21067100000.0,11.08,3.32,1.91,19.31,8.04,68.9%,4.94,61.4%,0.65,44.6%,4.76,8.1%,-1.48,6.1%,9.0%,17.2%,13.21,2.71,13.36,1.51,5.9%,0.13,19422900000.0,10067700000.0,1674800000.0,8392940000.0,4217840000.0,6652330000.0,2567240000.0,1577310000.0,1144270000.0,686466000.0,378534000.0,278942000.0,,,,,,
MOVI3,ON NM,MOVIDA ON NM,Diversos,Aluguel de carros,9.68,6.01,14.17,52683800.0,362302000.0,3507080000.0,15172800000.0,-78.45,-0.12,1.16,8.36,1.58,32.2%,0.33,21.1%,0.16,-0.4%,4.21,10.2%,-0.25,1.2%,12.7%,-1.5%,4.0,1.21,6.82,4.52,34.5%,0.49,21734600000.0,13676900000.0,2011130000.0,11665700000.0,4746490000.0,3027690000.0,10559400000.0,2224060000.0,-44707000.0,2666220000.0,519546000.0,-65720000.0,,,,,,
SANB11,UNT,SANTANDER UNT,Intermediários Financeiros,Bancos,29.18,24.29,31.93,52390800.0,7498530000.0,109404000000.0,,13.04,2.24,1.29,22.6,,,,,,0.0%,,0.0%,,7.1%,,9.9%,,,,,-6.4%,,1172490000000.0,,,,,84726300000.0,,,8388630000.0,,,2656630000.0,468527000000.0,321027000000.0,11524200000.0,4378720000.0,15935200000.0,4262980000.0
ELET6,PNB,ELETROBRÁS PNB,Energia Elétrica,Energia Elétrica,46.13,31.93,49.17,51383400.0,2307100000.0,106427000000.0,145586000000.0,33.24,1.39,0.94,49.03,10.14,50.0%,3.02,29.8%,0.38,8.6%,3.92,3.8%,-1.01,3.2%,4.3%,2.8%,10.33,1.88,13.87,0.63,19.4%,0.13,276807000000.0,71110700000.0,31951000000.0,39159700000.0,58035100000.0,113118000000.0,35240600000.0,10493300000.0,3201770000.0,8781430000.0,2445310000.0,1483900000.0,,,,,,
GFSA3,ON,GAFISA ON,Construção Civil,Incorporações,11.2,3.55,15.6,50848900.0,69283000.0,775970000.0,2468830000.0,-3.57,-3.14,0.46,24.36,-6.51,3.5%,0.65,-10.0%,0.15,-18.3%,0.42,-2.3%,10.06,0.0%,-2.4%,-12.9%,-28.08,2.03,-20.72,1.16,31.3%,0.23,5268070000.0,1962690000.0,269831000.0,1692860000.0,3656210000.0,1687910000.0,1188920000.0,-119176000.0,-217359000.0,286410000.0,-53015000.0,-88690000.0,,,,,,
PCAR3,ON,PÃO DE AÇÚCAR ON,Comércio e Distribuição,Alimentos,4.1,3.25,9.4,47614100.0,270139000.0,1107570000.0,3418570000.0,-0.36,-11.36,0.22,18.57,-3.97,-5.9%,1.63,-41.2%,0.05,-426.8%,0.58,-1.2%,-0.11,0.0%,-1.7%,-61.2%,15.19,1.32,-12.25,1.21,-60.5%,0.03,22685000000.0,6051000000.0,3740000000.0,2311000000.0,7936000000.0,5016000000.0,678001000.0,-279000000.0,-3070000000.0,4742000000.0,291000000.0,-1295000000.0,,,,,,
TEND3,ON NM,Tenda ON NM,Construção Civil,Incorporações,10.66,3.99,15.16,47396000.0,123094000.0,1312180000.0,1828060000.0,-5.67,-1.88,1.47,7.27,13.68,18.3%,0.47,3.5%,0.29,-8.6%,2.57,2.1%,-0.87,0.0%,2.6%,-25.8%,11.74,1.31,19.06,1.41,9.1%,0.61,4561620000.0,1264030000.0,748158000.0,515875000.0,2153630000.0,895290000.0,2779310000.0,95922900.0,-231313000.0,786312000.0,52411000.0,-23765000.0,,,,,,
BHIA3,ON,CASAS BAHIA ON,Comércio,Eletrodomésticos,8.92,8.7,66.5,46964300.0,95083000.0,848140000.0,7860140000.0,-0.47,-18.8,0.19,46.63,0.58,29.0%,0.03,4.8%,0.03,-5.9%,-0.18,4.5%,-0.06,0.0%,6.2%,-40.3%,3.04,0.74,5.4,1.95,4.6%,0.94,32269000000.0,8654000000.0,1642000000.0,7012000000.0,13375000000.0,4434000000.0,30278000000.0,1456000000.0,-1788000000.0,6590000000.0,-129000000.0,-836000000.0,,,,,,
FLRY3,ON NM,FLEURY ON NM,Serv.Méd.Hospit. Análises e Diagnósticos,Serv.Méd.Hospit. Análises e Diagnósticos,16.67,12.96,18.55,45465200.0,547191000.0,9121670000.0,12221900000.0,24.43,0.68,1.76,9.46,10.89,27.0%,1.55,14.2%,0.79,6.3%,9.91,7.3%,-2.6,2.6%,8.4%,7.2%,8.44,1.48,14.59,0.79,21.1%,0.51,11533000000.0,4076890000.0,976638000.0,3100250000.0,2838560000.0,5177130000.0,5881160000.0,837842000.0,373429000.0,1870050000.0,315948000.0,174198000.0,,,,,,
PSSA3,ON,PORTO SEGURO SA ON,Previdência e Seguros,Seguradoras,27.11,21.56,28.95,41529500.0,646586000.0,17528900000.0,6069490000.0,8.07,3.36,1.48,18.34,0.68,100.0%,0.56,82.4%,0.32,7.1%,5.69,47.1%,-2.72,5.2%,59.6%,18.3%,0.23,1.09,0.24,,15.9%,0.57,54678100000.0,0.0,11459500000.0,-11459500000.0,36302700000.0,11857900000.0,31282100000.0,25775300000.0,2173240000.0,8419590000.0,7003370000.0,579266000.0,,,,,,
ENAT3,ON,ENAUTA PART ON,"Petróleo, Gás e Biocombustíveis","Exploração, Refino e Distribuição",19.57,10.47,20.47,40983300.0,265807000.0,5201840000.0,5837280000.0,75.23,0.26,1.34,14.58,13.01,36.9%,3.21,24.7%,0.64,4.3%,5.02,4.9%,-2.75,0.8%,7.0%,1.8%,6.84,1.77,14.6,0.68,17.2%,0.2,8162980000.0,2650540000.0,2015110000.0,635434000.0,2392520000.0,3876330000.0,1618970000.0,399846000.0,69150000.0,96044000.0,-205706000.0,-272488000.0,,,,,,
DIRR3,ON NM,Direcional Engenharia ON NM,Construção Civil,Incorporações,22.29,14.32,22.39,40927500.0,173500000.0,3867310000.0,3843020000.0,13.34,1.67,2.0,11.15,9.92,33.6%,1.72,17.3%,0.54,15.3%,1.6,5.4%,-2.23,2.1%,6.8%,15.0%,8.54,3.56,9.86,0.68,13.0%,0.31,7189700000.0,1316860000.0,1341160000.0,-24298000.0,3359250000.0,1934470000.0,2254330000.0,389948000.0,290009000.0,557668000.0,99171000.0,68763000.0,,,,,,
CXSE3,ON NM,CAIXA SEGURI ON NM,Previdência e Seguros,Seguradoras,14.36,7.5,14.7,39419700.0,3000000000.0,43080000000.0,41200800000.0,12.21,1.18,3.38,4.25,-370.29,,,,3.34,0.0%,22.54,-0.9%,22.58,7.0%,-1.1%,27.7%,-354.18,17.58,-354.14,,,,12879000000.0,0.0,1879160000.0,-1879160000.0,2026610000.0,12760400000.0,0.0,-116341000.0,3528290000.0,0.0,-30628000.0,916574000.0,,,,,,
ALPA4,PN N1,ALPARGATAS PN N1,"Tecidos, Vestuário e Calçados",Calçados,8.79,7.02,13.64,38702400.0,683062000.0,6004110000.0,6832650000.0,-21.32,-0.41,1.11,7.89,59.21,40.4%,1.57,2.6%,0.76,-7.4%,2.7,1.3%,10.08,0.0%,1.5%,-5.2%,23.22,3.51,67.38,0.28,0.8%,0.48,7902400000.0,1522710000.0,694176000.0,828537000.0,3106690000.0,5390030000.0,3828380000.0,101399000.0,-281584000.0,896150000.0,43179000.0,-8354000.0,,,,,,
EZTC3,ON NM,EZTec ON NM,Construção Civil,Incorporações,16.06,11.78,24.77,35831000.0,220989000.0,3549080000.0,3567600000.0,18.86,0.85,0.77,20.81,62.82,29.2%,3.36,5.3%,0.61,18.4%,1.68,1.0%,2.47,1.3%,1.1%,4.1%,45.32,5.19,63.15,0.18,10.6%,0.18,5838680000.0,806467000.0,787954000.0,18513000.0,2609600000.0,4598390000.0,1056140000.0,56498000.0,188179000.0,251727000.0,17753000.0,39111000.0,,,,,,
GMAT3,ON NM,GRUPO MATEUS ON NM,Comércio e Distribuição,Alimentos,6.78,5.11,8.28,35138300.0,2209350000.0,14979400000.0,17515700000.0,13.1,0.52,1.81,3.75,11.75,21.6%,0.59,5.0%,0.99,4.6%,2.46,8.5%,5.68,0.0%,11.0%,13.8%,10.6,2.9,13.74,0.44,29.5%,1.68,15056300000.0,3653130000.0,1116810000.0,2536320000.0,9306640000.0,8287380000.0,25296900000.0,1274940000.0,1143250000.0,6934930000.0,377257000.0,309403000.0,,,,,,
STBP3,ON NM,SBPAR ON NM,Transporte,Serviços de Apoio e Armazenagem,9.77,7.1,9.98,33339400.0,864170000.0,8442940000.0,8295600000.0,20.98,0.47,3.85,2.54,14.51,46.6%,4.36,30.0%,1.84,20.8%,37.02,12.7%,-5.55,4.5%,14.9%,18.4%,10.4,1.35,14.26,0.19,24.0%,0.42,4587470000.0,422220000.0,569561000.0,-147341000.0,874231000.0,2191630000.0,1936760000.0,581777000.0,402334000.0,533694000.0,194719000.0,139038000.0,,,,,,
GGPS3,ON NM,GPS ON NM,Serviços Diversos,Serviços Diversos,19.1,11.18,19.62,32339000.0,672170000.0,12838500000.0,13346600000.0,21.61,0.88,4.35,4.39,12.11,17.4%,1.25,10.3%,1.33,5.8%,3.95,11.0%,-10.47,1.4%,15.3%,20.2%,10.55,2.45,12.59,1.05,18.4%,1.06,9669140000.0,3106240000.0,2598070000.0,508170000.0,5488910000.0,2948660000.0,10252000000.0,1060380000.0,594201000.0,2628720000.0,277847000.0,141828000.0,,,,,,
ANIM3,ON NM,ANIMA ON NM,Diversos,Serviços Educacionais,4.44,2.02,4.98,30975700.0,403869000.0,1793180000.0,5793860000.0,-19.22,-0.23,0.7,6.32,2.91,58.0%,0.49,16.8%,0.18,1.6%,10.26,6.2%,-0.36,0.0%,7.1%,-3.7%,4.97,1.1,9.4,1.98,38.6%,0.37,9921430000.0,5047250000.0,1046570000.0,4000680000.0,1906970000.0,2551290000.0,3672400000.0,616177000.0,-93304000.0,940408000.0,163255000.0,-30235000.0,,,,,,
CURY3,ON NM,CURY S/A ON NM,Construção Civil,Incorporações,18.46,10.49,18.55,29702800.0,291875000.0,5388010000.0,4924660000.0,13.04,1.42,5.84,3.16,9.3,37.8%,2.03,21.8%,1.71,16.1%,4.06,18.4%,24.3,5.0%,30.6%,44.8%,8.22,2.34,8.5,0.7,29.1%,0.84,3150610000.0,645719000.0,1109070000.0,-463356000.0,2316220000.0,923179000.0,2655050000.0,579664000.0,413227000.0,751874000.0,148663000.0,108220000.0,,,,,,
CSMG3,ON,COPASA MG ON,Água e Saneamento,Água e Saneamento,22.21,12.14,22.65,29534300.0,380253000.0,8445420000.0,11791100000.0,6.53,3.4,1.07,20.75,5.05,40.2%,1.21,23.9%,0.6,18.5%,8.44,11.9%,-2.48,13.0%,13.5%,16.4%,4.81,1.58,7.05,0.58,8.5%,0.5,14016300000.0,4596550000.0,1250850000.0,3345700000.0,2715480000.0,7891110000.0,6997180000.0,1673580000.0,1292380000.0,1877580000.0,474626000.0,437114000.0,,,,,,
ECOR3,ON NM,ECORODOVIAS ON NM,Transporte,Exploração de Rodovias,9.04,3.83,9.77,28661000.0,696334000.0,6294860000.0,19203000000.0,11.23,0.8,2.28,3.96,2.33,37.3%,0.78,33.3%,0.27,7.2%,-6.52,11.4%,-0.38,0.9%,13.4%,20.3%,5.6,0.81,7.12,5.85,20.3%,0.34,23706100000.0,16128200000.0,3220070000.0,12908200000.0,4013620000.0,2755580000.0,8095060000.0,2697560000.0,560443000.0,2568940000.0,812784000.0,219030000.0,,,,,,
SAPR11,UNT N2,SANEPAR UNT N2,Água e Saneamento,Água e Saneamento,28.19,16.01,29.39,27821400.0,1511210000.0,8520180000.0,12921400000.0,5.72,4.93,0.9,31.42,3.22,60.1%,1.4,43.6%,0.47,24.5%,10.79,14.5%,-1.39,5.4%,15.9%,15.7%,4.14,1.41,4.88,0.6,7.6%,0.33,18315500000.0,5677300000.0,1276090000.0,4401200000.0,2696460000.0,9497430000.0,6071000000.0,2647990000.0,1489500000.0,1605780000.0,725843000.0,396860000.0,,,,,,
SIMH3,ON NM,SIMPAR ON NM,Holdings Diversificadas,Holdings Diversificadas,7.83,6.82,10.97,26533200.0,838408000.0,6564730000.0,39716400000.0,126.41,0.06,1.88,4.17,1.15,28.1%,0.21,18.5%,0.1,1.2%,0.78,9.1%,-0.18,0.2%,11.2%,1.5%,4.78,1.75,6.98,11.75,57.4%,0.49,62697600000.0,41114700000.0,7963020000.0,33151600000.0,19524900000.0,3498440000.0,30747400000.0,5688090000.0,51932000.0,8318110000.0,1431630000.0,-136515000.0,,,,,,
MDIA3,ON NM,M.DIASBRANCO ON NM,Alimentos Processados,Alimentos Diversos,38.34,23.77,44.23,26414400.0,339000000.0,12997300000.0,13314800000.0,23.11,1.66,1.78,21.52,14.91,30.2%,1.2,8.0%,1.09,5.2%,4.47,7.3%,17.77,1.6%,9.8%,7.7%,10.88,2.19,15.28,0.3,15.7%,0.91,11923500000.0,2163100000.0,1845610000.0,317490000.0,5359400000.0,7295590000.0,10834900000.0,871534000.0,562366000.0,2734900000.0,368759000.0,258996000.0,,,,,,
INTB3,ON NM,INTELBRAS ON NM,Computadores e Equipamentos,Computadores e Equipamentos,21.63,16.8,30.85,25165400.0,327611000.0,7086230000.0,6820470000.0,13.6,1.59,2.87,7.53,14.58,31.5%,1.7,11.7%,1.5,12.6%,3.3,10.3%,5.92,1.5%,17.9%,21.1%,12.04,2.68,14.04,0.38,20.8%,0.88,4720400000.0,936160000.0,1201920000.0,-265756000.0,3431020000.0,2468360000.0,4159090000.0,485890000.0,520940000.0,933653000.0,110550000.0,110526000.0,,,,,,
SBFG3,ON,GRUPO SBF ON,Comércio,Produtos Diversos,13.22,6.35,14.4,24930700.0,243689000.0,3221570000.0,6182690000.0,17.64,0.75,1.31,10.1,6.89,47.9%,0.47,6.8%,0.39,2.7%,1.82,5.7%,-2.12,1.0%,6.4%,7.4%,6.98,1.71,13.22,1.27,35.7%,0.83,8232830000.0,3124010000.0,162883000.0,2961130000.0,4247670000.0,2461640000.0,6841620000.0,467603000.0,182599000.0,1793260000.0,157575000.0,74064000.0,,,,,,
ONCO3,ON NM,ONCOCLINICAS ON NM,Serv.Méd.Hospit. Análises e Diagnósticos,Serv.Méd.Hospit. Análises e Diagnósticos,11.85,6.27,13.0,24915900.0,527482000.0,6250660000.0,9264440000.0,28.5,0.42,2.82,4.2,8.11,35.9%,1.19,14.6%,0.73,6.1%,7.17,8.9%,-1.91,0.0%,10.7%,9.9%,9.21,1.48,12.02,1.63,44.8%,0.61,8609700000.0,3615450000.0,601667000.0,3013790000.0,2688720000.0,2215000000.0,5271060000.0,770500000.0,219293000.0,1401550000.0,187036000.0,104989000.0,,,,,,
AESB3,ON NM,AES BRASIL ON NM,Energia Elétrica,Energia Elétrica,11.35,9.74,12.69,23754200.0,601927000.0,6831870000.0,16058000000.0,43.3,0.26,1.53,7.43,7.33,35.5%,2.12,28.9%,0.34,11.1%,20.92,4.7%,-0.62,0.0%,5.5%,3.5%,9.83,1.11,17.24,2.62,62.2%,0.16,19825600000.0,11697000000.0,2470840000.0,9226130000.0,3337520000.0,4469480000.0,3218670000.0,931648000.0,157794000.0,908642000.0,260016000.0,53328000.0,,,,,,
DXCO3,ON,DEXCO ON,Madeira e Papel,Madeira,7.75,5.34,9.3,23271000.0,820566000.0,6359390000.0,10818600000.0,7.83,0.99,0.99,7.81,5.8,33.5%,0.86,14.8%,0.38,11.2%,5.28,6.6%,-1.21,2.8%,7.9%,12.7%,5.11,1.34,9.87,0.95,14.4%,0.45,16530100000.0,6077760000.0,1618530000.0,4459230000.0,4749000000.0,6411570000.0,7415160000.0,1096520000.0,811791000.0,1768950000.0,189697000.0,297376000.0,,,,,,
CEAB3,ON NM,CEA MODAS ON NM,Comércio,"Tecidos, Vestuário e Calçados",7.52,1.94,8.79,22902200.0,308245000.0,2318000000.0,2921530000.0,49.85,0.15,0.82,9.22,5.26,51.9%,0.36,6.9%,0.26,0.7%,1.49,5.0%,-1.34,0.0%,6.9%,1.6%,2.52,1.59,6.62,0.61,16.7%,0.73,8752470000.0,1723130000.0,1119610000.0,603526000.0,4185970000.0,2842690000.0,6374960000.0,441089000.0,46500000.0,1542680000.0,77725000.0,-44234000.0,,,,,,
NEOE3,ON NM,NEOENERGIA ON NM,Energia Elétrica,Energia Elétrica,20.8,12.87,21.62,22492600.0,1213800000.0,25247000000.0,63198000000.0,5.71,3.64,0.86,24.28,2.76,26.7%,0.57,20.6%,0.26,10.1%,20.71,9.4%,-0.56,6.3%,10.6%,15.0%,5.41,1.06,6.92,1.54,14.3%,0.46,97418000000.0,45499000000.0,7548000000.0,37951000000.0,22299000000.0,29475000000.0,44332000000.0,9132000000.0,4424000000.0,9968000000.0,1240000000.0,1545000000.0,,,,,,
RAPT4,PN N1,RANDON S.A. IMPLEMENTOS E PARTICIPAÇÕES PN N1,Material de Transporte,Material Rodoviário,11.6,6.86,13.24,22251500.0,329331000.0,3820240000.0,6672360000.0,9.19,1.26,1.3,8.94,2.64,25.1%,0.34,13.0%,0.3,6.0%,0.98,11.4%,-3.21,5.0%,15.5%,14.1%,3.88,2.1,4.6,1.79,27.1%,0.88,12767400000.0,5257010000.0,2404890000.0,2852120000.0,7444750000.0,2944690000.0,11179600000.0,1449350000.0,415761000.0,2896680000.0,353191000.0,87414000.0,,,,,,
LEVE3,ON,MAHLE METAL LEVE ON,Automóveis e Motocicletas,Automóveis e Motocicletas,34.81,20.9,43.59,21474900.0,135539000.0,4718110000.0,4698610000.0,6.58,5.29,3.01,11.57,5.79,28.9%,1.06,18.4%,1.5,16.1%,4.86,25.9%,10.28,26.9%,36.0%,45.7%,5.13,1.91,5.76,0.31,18.5%,1.41,3149270000.0,489698000.0,509196000.0,-19498000.0,2037460000.0,1568530000.0,4438120000.0,815492000.0,717232000.0,1179380000.0,227881000.0,215102000.0,,,,,,
AMER3,ON,AMERICANAS ON,Comércio,Produtos Diversos,0.8,0.69,2.09,20706000.0,902530000.0,722024000.0,17398600000.0,-0.06,-14.31,-0.03,-29.55,-0.18,19.5%,0.03,-15.6%,0.02,-50.0%,-0.02,-12.8%,-0.02,0.0%,-21.6%,48.4%,-7.23,0.34,-4.33,-0.85,48.8%,0.82,31292300000.0,22749500000.0,6072940000.0,16676600000.0,17048700000.0,-26666600000.0,25808900000.0,-4015670000.0,-12911500000.0,6912030000.0,-4632140000.0,-12464800000.0,,,,,,
ALUP11,UNT N2,ALUPAR UNT N2,Energia Elétrica,Energia Elétrica,29.44,23.82,31.51,19248400.0,914276000.0,8972090000.0,17876000000.0,12.05,2.44,1.19,24.75,4.01,75.8%,2.83,70.6%,0.32,37.9%,3.53,7.9%,-0.75,5.9%,8.8%,9.9%,7.49,1.89,7.99,1.54,-5.7%,0.11,28272600000.0,11620100000.0,2716200000.0,8903920000.0,5382210000.0,7541460000.0,3165400000.0,2236150000.0,744704000.0,648957000.0,406212000.0,100005000.0,,,,,,
HBSA3,ON NM,HIDROVIAS ON NM,Transporte,Transporte Hidroviário,3.76,1.73,4.69,18920700.0,760383000.0,2859040000.0,6418450000.0,53.84,0.07,1.8,2.09,6.21,38.6%,1.42,22.9%,0.45,2.6%,3.47,7.2%,-0.83,0.0%,8.4%,3.3%,7.83,2.44,13.94,2.75,10.9%,0.31,6408570000.0,4356520000.0,797110000.0,3559410000.0,1396150000.0,1585400000.0,2008160000.0,460533000.0,53100000.0,486973000.0,108470000.0,71258000.0,,,,,,
CBAV3,ON NM,CBA ON NM,Mineração,Minerais Metálicos,4.06,3.65,12.08,18554200.0,651073000.0,2643360000.0,5786280000.0,-6.78,-0.6,0.55,7.35,-8.31,1.7%,0.36,-4.3%,0.2,-4.1%,0.97,-2.4%,-0.74,7.8%,-2.8%,-8.1%,22.79,2.26,-18.18,0.93,-20.3%,0.55,13494900000.0,4469460000.0,1326540000.0,3142920000.0,4912740000.0,4784200000.0,7401270000.0,-318244000.0,-389655000.0,1863480000.0,-152907000.0,-289370000.0,,,,,,
QUAL3,ON NM,QUALICORP ON NM,Serv.Méd.Hospit. Análises e Diagnósticos,Serv.Méd.Hospit. Análises e Diagnósticos,2.59,2.5,6.26,18399300.0,284014000.0,735596000.0,2034130000.0,-18.36,-0.14,0.55,4.67,1.76,77.2%,0.41,23.3%,0.16,-1.8%,3.31,8.9%,-0.43,3.1%,12.6%,-3.0%,2.31,1.16,4.88,1.76,-1.9%,0.38,4683340000.0,2331090000.0,1032560000.0,1298530000.0,1624020000.0,1326160000.0,1788550000.0,417187000.0,-40067000.0,443168000.0,112476000.0,9368000.0,,,,,,
LJQQ3,ON NM,QUERO-QUERO ON NM,Comércio,Produtos Diversos,5.06,3.07,6.48,17870700.0,187290000.0,947687000.0,930535000.0,-25.67,-0.2,1.88,2.69,18.68,34.1%,0.4,2.2%,0.31,-1.6%,1.01,1.7%,-1.84,3.3%,2.1%,-7.3%,5.37,1.86,18.34,0.73,9.4%,0.77,3053460000.0,368781000.0,385933000.0,-17152000.0,2033430000.0,503826000.0,2359150000.0,50735000.0,-36912000.0,622132000.0,25454000.0,-12252000.0,,,,,,
BRSR6,PNB,BANRISUL S/A PNB,Intermediários Financeiros,Bancos,14.26,8.97,15.01,17560800.0,408974000.0,5831970000.0,,7.13,2.0,0.62,23.18,,,,,,0.0%,,0.0%,,6.4%,,8.6%,,,,,5.6%,,123285000000.0,,,,,9478730000.0,,,817472000.0,,,127109000.0,0.0,0.0,5500400000.0,1305550000.0,892418000.0,243818000.0
TTEN3,ON NM,3TENTOS ON NM,Agropecuária,Agricultura,11.07,9.56,14.27,16936200.0,498298000.0,5516150000.0,5632490000.0,8.81,1.26,1.74,6.37,10.6,14.9%,0.68,6.4%,0.83,7.7%,3.76,7.9%,6.74,0.0%,14.4%,19.7%,9.85,1.52,10.82,0.4,27.7%,1.23,6622660000.0,1262420000.0,1146090000.0,116334000.0,4266610000.0,3172940000.0,8125780000.0,520611000.0,626348000.0,2404340000.0,153386000.0,219144000.0,,,,,,
VVEO3,ON NM,VIVEO ON NM,Comércio e Distribuição,Medicamentos e Outros Produtos,11.42,11.33,22.15,16551900.0,322821000.0,3686610000.0,5310380000.0,22.78,0.5,1.18,9.69,6.03,15.9%,0.34,5.7%,0.37,1.5%,1.22,6.1%,-4.22,0.0%,9.0%,5.2%,7.48,2.04,8.68,1.06,39.6%,1.08,9962150000.0,3318090000.0,1694310000.0,1623770000.0,5958880000.0,3129440000.0,10805400000.0,611803000.0,161852000.0,2844810000.0,161818000.0,6315000.0,,,,,,
ODPV3,ON NM,ODONTOPREV ON NM,Serv.Méd.Hospit. Análises e Diagnósticos,Serv.Méd.Hospit. Análises e Diagnósticos,11.73,9.79,13.26,16111200.0,552496000.0,6480780000.0,6132340000.0,13.18,0.89,4.42,2.66,9.68,40.9%,3.08,31.8%,3.12,23.4%,-160.67,32.2%,-41.59,3.2%,39.3%,33.5%,8.58,0.92,9.16,,3.9%,1.01,2079090000.0,0.0,348442000.0,-348442000.0,454731000.0,1467850000.0,2106740000.0,669757000.0,491768000.0,551960000.0,153685000.0,134231000.0,,,,,,
ORVR3,ON NM,ORIZON ON NM,Água e Saneamento,Água e Saneamento,35.4,33.26,41.39,16072800.0,82950900.0,2936460000.0,3880320000.0,-19.21,-1.84,4.76,7.44,31.45,30.6%,3.88,12.3%,1.31,-19.4%,8.82,4.2%,-3.03,0.0%,4.7%,-24.8%,14.12,2.22,41.56,1.85,40.5%,0.34,2239120000.0,1144660000.0,200797000.0,943861000.0,606045000.0,617519000.0,756898000.0,93358000.0,-152874000.0,192599000.0,40827000.0,1851000.0,,,,,,
AMBP3,ON NM,AMBIPAR ON NM,Água e Saneamento,Água e Saneamento,14.46,13.65,24.4,15753700.0,167042000.0,2415430000.0,6930890000.0,-19.03,-0.76,2.44,5.92,2.53,23.5%,0.51,20.2%,0.23,-0.6%,0.96,9.1%,-0.56,0.6%,12.7%,-12.8%,5.13,2.3,7.26,7.15,79.7%,0.45,10510500000.0,7076860000.0,2561390000.0,4515470000.0,4446470000.0,989635000.0,4717280000.0,955132000.0,-126917000.0,1182260000.0,247760000.0,-2400000.0,,,,,,
BPAN4,PN,BANCO PAN PN,Intermediários Financeiros,Bancos,8.0,4.51,9.29,15687400.0,1269070000.0,10152600000.0,,14.72,0.54,1.27,6.31,,,,,,0.0%,,0.0%,,2.7%,,8.6%,,,,,15.1%,,55376900000.0,,,,,8005560000.0,,,689774000.0,,,177722000.0,25112800000.0,36894600000.0,7313450000.0,1989970000.0,890157000.0,232073000.0
IFCM3,ON NM,INFRACOMM ON NM,Programas e Serviços,Programas e Serviços,1.63,0.96,3.39,15467200.0,637335000.0,1038860000.0,1594270000.0,-4.06,-0.4,0.76,2.14,-22.94,43.4%,0.97,-4.2%,0.32,-24.0%,-39.93,-1.4%,-1.07,0.0%,-1.8%,-18.7%,13.06,0.97,-35.21,0.56,34.1%,0.33,3205790000.0,765040000.0,209631000.0,555409000.0,867463000.0,1366400000.0,1065800000.0,-45285000.0,-256179000.0,290018000.0,10173000.0,-52408000.0,,,,,,
KEPL3,ON,KEPLER WEBER SA ON,Máquinas e Equipamentos,Máq. e Equip. Industriais,9.92,6.7,11.97,15177000.0,179720000.0,1782820000.0,1672330000.0,6.75,1.47,2.62,3.79,5.85,32.0%,1.18,20.2%,1.29,17.5%,4.74,22.1%,7.81,8.7%,33.0%,38.8%,4.94,1.68,5.48,0.31,33.8%,1.09,1381920000.0,209539000.0,320036000.0,-110497000.0,928480000.0,681618000.0,1511910000.0,304992000.0,264202000.0,405628000.0,64470000.0,66591000.0,,,,,,
TUPY3,ON,TUPY ON,Material de Transporte,Material Rodoviário,26.08,20.86,28.84,15137400.0,144178000.0,3760160000.0,6007230000.0,9.23,2.83,1.15,22.67,4.1,17.2%,0.33,8.1%,0.38,3.7%,1.17,9.2%,-6.32,2.1%,12.3%,12.5%,4.72,2.1,6.55,1.04,26.9%,1.13,9988930000.0,3389840000.0,1142780000.0,2247060000.0,6124330000.0,3268350000.0,11337300000.0,916554000.0,407446000.0,2975940000.0,280969000.0,148849000.0,,,,,,
ITUB3,ON N1,ITAUUNIBANCO ON N1,Intermediários Financeiros,Bancos,27.7,18.97,28.82,14825200.0,9804140000.0,271575000000.0,,8.74,3.17,1.55,17.89,,,,,,0.0%,,0.0%,,4.5%,,17.7%,,,,,28.6%,,407542000000.0,,,,,175414000000.0,,,31090000000.0,,,7628000000.0,80395000000.0,135302000000.0,5578000000.0,1569000000.0,8757000000.0,2657000000.0
MYPK3,ON,IOCHPE-MAXION ON,Automóveis e Motocicletas,Automóveis e Motocicletas,11.93,10.37,15.43,14697200.0,153720000.0,1833880000.0,5646640000.0,-17.82,-0.67,0.48,24.94,2.69,9.3%,0.12,4.4%,0.12,0.0%,0.62,4.5%,-0.65,2.5%,6.8%,-2.7%,4.87,1.58,8.29,1.79,16.9%,1.04,15080200000.0,6867440000.0,3054670000.0,3812760000.0,8048780000.0,3834280000.0,15631700000.0,680967000.0,-102911000.0,3672360000.0,178922000.0,-4784000.0,,,,,,
CASH3,ON NM,MELIUZ ON NM,Programas e Serviços,Programas e Serviços,7.97,6.0,11.4,14546700.0,86580200.0,690044000.0,272157000.0,-17.75,-0.45,0.88,9.02,-9.1,-22.1%,2.02,-22.1%,0.57,-7.2%,1.17,-6.3%,1.29,0.0%,-9.8%,-5.0%,-4.86,2.65,-3.59,0.0,28.2%,0.29,1201370000.0,990000.0,418877000.0,-417887000.0,946728000.0,780734000.0,342444000.0,-75848000.0,-38872000.0,70420000.0,-3624000.0,7002000.0,,,,,,
JHSF3,ON NM,JHSF Part ON NM,Construção Civil,Incorporações,4.87,3.29,5.67,13937900.0,679329000.0,3308330000.0,5869460000.0,9.24,0.53,0.66,7.42,7.15,53.4%,2.2,30.7%,0.31,23.9%,1.67,4.3%,-1.43,8.3%,4.5%,7.1%,11.25,2.85,12.69,0.61,29.7%,0.14,10755800000.0,3076730000.0,515604000.0,2561130000.0,3057730000.0,5040500000.0,1504750000.0,462483000.0,358056000.0,350086000.0,102014000.0,79193000.0,,,,,,
ABCB4,PN N2,ABC Brasil PN N2,Intermediários Financeiros,Bancos,23.05,14.79,24.23,13936000.0,236936000.0,5461380000.0,,6.68,3.45,0.95,24.15,,,,,,0.0%,,0.0%,,6.5%,,14.3%,,,,,70.9%,,55908400000.0,,,,,5721810000.0,,,817391000.0,,,228218000.0,0.0,0.0,1366110000.0,356923000.0,333632000.0,98226000.0
CMIG3,ON N1,CEMIG ON N1,Energia Elétrica,Energia Elétrica,15.09,13.75,19.53,13009800.0,2201370000.0,33218700000.0,41156500000.0,6.29,2.4,1.36,11.1,4.03,24.7%,0.92,22.8%,0.59,14.7%,10.37,14.7%,-1.86,8.6%,16.7%,21.6%,4.35,1.3,5.0,0.5,11.9%,0.64,56165400000.0,12105900000.0,4168070000.0,7937840000.0,13919400000.0,24427800000.0,36071700000.0,8235230000.0,5285360000.0,9426630000.0,1843280000.0,1236710000.0,,,,,,
UNIP6,PNB,UNIPAR PARTICIPAÇÕES S.A. PNB,Químicos,Químicos Diversos,71.33,60.78,82.12,12935500.0,103876000.0,7409480000.0,7146050000.0,9.55,7.47,2.64,27.04,5.8,35.7%,1.3,22.5%,1.2,13.7%,5.82,20.6%,-10.4,4.9%,29.8%,27.6%,4.69,1.92,5.59,0.47,21.8%,0.92,6198660000.0,1332240000.0,1595670000.0,-263422000.0,2650190000.0,2808340000.0,5689650000.0,1277720000.0,775469000.0,1366290000.0,230552000.0,189909000.0,,,,,,
VULC3,ON,VULCABRAS S/A. ON,"Tecidos, Vestuário e Calçados",Calçados,21.36,10.33,21.99,12689600.0,245916000.0,5252770000.0,5263320000.0,9.31,2.3,2.65,8.07,10.58,40.6%,1.9,18.0%,1.88,20.4%,3.46,17.7%,4.57,4.4%,21.7%,28.4%,8.88,4.39,10.6,0.19,25.1%,0.99,2800270000.0,373946000.0,363388000.0,10558000.0,1963060000.0,1985350000.0,2765230000.0,496376000.0,564492000.0,731352000.0,147945000.0,127613000.0,,,,,,
ZAMP3,ON,ZAMP S.A. ON,Hoteis e Restaurantes,Restaurante e Similares,5.3,3.63,6.8,12658800.0,275355000.0,1459380000.0,2218280000.0,-12.67,-0.42,1.1,4.84,15.34,65.3%,0.38,2.5%,0.37,-3.0%,54.86,2.4%,-0.8,0.0%,2.9%,-8.6%,4.22,1.03,23.32,0.87,11.3%,0.96,3981000000.0,1152640000.0,393745000.0,758896000.0,835574000.0,1331470000.0,3819450000.0,95117900.0,-115159000.0,948016000.0,10551000.0,-38473000.0,,,,,,
PLPL3,ON NM,PLANOEPLANO ON NM,Construção Civil,Incorporações,12.33,3.87,12.4,12452600.0,204256000.0,2518480000.0,2637350000.0,10.35,1.19,4.22,2.92,5.59,33.7%,1.35,24.1%,1.27,13.3%,2.24,22.7%,7.1,5.4%,32.3%,40.7%,5.66,2.96,5.85,0.78,22.4%,0.94,1983030000.0,465040000.0,346163000.0,118877000.0,1699010000.0,597321000.0,1868750000.0,450801000.0,243257000.0,556729000.0,90631000.0,75732000.0,,,,,,
KLBN4,PN N2,KLABIN PN N2,Madeira e Papel,Papel e Celulose,4.39,3.41,4.77,11731300.0,5617890000.0,24662600000.0,45544200000.0,8.56,0.51,2.21,1.99,5.38,39.1%,1.33,24.7%,0.48,18.8%,3.38,8.9%,-1.01,6.2%,11.1%,25.8%,5.87,2.16,9.93,2.57,18.3%,0.36,51693700000.0,28734800000.0,7853130000.0,20881700000.0,13576600000.0,11159900000.0,18607100000.0,4587690000.0,2879830000.0,4400410000.0,685380000.0,258302000.0,,,,,,
GUAR3,ON,GUARARAPES CONFECÇÕES ON,Comércio,"Tecidos, Vestuário e Calçados",5.34,3.72,8.29,11686300.0,499200000.0,2665730000.0,4383110000.0,-16.48,-0.32,0.53,9.99,12.64,58.3%,0.31,2.4%,0.19,-1.9%,0.8,1.5%,-26.46,0.0%,1.9%,-3.2%,5.28,1.62,20.78,0.75,5.4%,0.63,13787900000.0,3729040000.0,2011670000.0,1717380000.0,8700400000.0,4986780000.0,8655960000.0,210895000.0,-161768000.0,2099470000.0,14158900.0,-70742000.0,,,,,,
SAPR4,PN,SANEPAR PN,Água e Saneamento,Água e Saneamento,5.69,3.23,5.88,11508900.0,1511210000.0,8598760000.0,13000000000.0,5.77,0.99,0.91,6.28,3.25,60.1%,1.42,43.6%,0.47,24.5%,10.89,14.5%,-1.4,5.4%,15.9%,15.7%,4.17,1.41,4.91,0.6,7.6%,0.33,18315500000.0,5677300000.0,1276090000.0,4401200000.0,2696460000.0,9497430000.0,6071000000.0,2647990000.0,1489500000.0,1605780000.0,725843000.0,396860000.0,,,,,,
RCSL3,ON,RECRUSUL ON,Material de Transporte,Material Rodoviário,2.73,1.55,10.68,11475800.0,127289000.0,347499000.0,347450000.0,-25.13,-0.11,2995.68,0.0,-175.59,12.7%,5.62,-3.2%,5.67,-22.7%,41.74,-3.2%,-11.16,0.0%,-3.4%,-11920.7%,-497.07,1.38,-175.57,,41.9%,1.01,61315000.0,0.0,49000.0,-49000.0,30058000.0,116000.0,61800000.0,-1979000.0,-13828000.0,10148000.0,-978000.0,-2023000.0,,,,,,
RANI3,ON,IRANI ON,Madeira e Papel,Papel e Celulose,10.02,7.21,12.92,11359300.0,246359000.0,2468520000.0,3517730000.0,5.34,1.88,1.91,5.24,4.72,46.8%,1.53,32.3%,0.71,28.6%,2.88,15.1%,-2.4,8.5%,18.7%,35.8%,5.59,3.91,6.72,1.23,18.1%,0.47,3473580000.0,1587290000.0,538080000.0,1049210000.0,1153550000.0,1290940000.0,1617620000.0,523198000.0,462258000.0,407855000.0,132708000.0,64635000.0,,,,,,
VLID3,ON NM,VALID ON NM,Serviços Diversos,Serviços Diversos,22.34,7.63,22.34,10945100.0,81836000.0,1828220000.0,2109310000.0,9.03,2.47,1.35,16.6,3.98,38.8%,0.93,23.4%,0.68,9.7%,2.71,17.2%,29.57,4.3%,22.5%,14.9%,3.62,2.0,4.59,0.54,1.4%,0.73,2679660000.0,736416000.0,455318000.0,281098000.0,1348350000.0,1358760000.0,1961580000.0,459740000.0,202476000.0,558409000.0,115242000.0,60712000.0,,,,,,
SRNA3,ON NM,SERENA ON NM,Energia Elétrica,Energia Elétrica,9.3,7.6,11.71,10468700.0,622731000.0,5791400000.0,14459500000.0,111.94,0.08,1.14,8.16,7.74,32.1%,2.08,26.9%,0.32,1.9%,-2.47,4.2%,-0.54,0.0%,4.4%,1.0%,12.13,0.48,19.31,1.86,42.3%,0.15,17945400000.0,9426550000.0,758466000.0,8668080000.0,2122200000.0,5079960000.0,2779570000.0,748624000.0,51737000.0,865847000.0,308270000.0,103028000.0,,,,,,
MILS3,ON NM,MILLS ON NM,Diversos,Aluguel de carros,13.21,8.35,13.7,10315100.0,246309000.0,3253740000.0,3729090000.0,13.3,0.99,2.34,5.65,7.11,65.4%,2.43,34.2%,1.18,18.3%,5.37,16.6%,-9.31,2.3%,22.5%,17.6%,5.65,2.49,8.15,0.76,43.6%,0.49,2755340000.0,1054750000.0,579407000.0,475344000.0,1012780000.0,1390720000.0,1337560000.0,457756000.0,244655000.0,347785000.0,117452000.0,66552000.0,,,,,,
SEQL3,ON NM,SEQUOIA LOG ON NM,Serviços Diversos,Serviços Diversos,0.53,0.37,3.7,9976720.0,351861000.0,186486000.0,1160480000.0,-0.36,-1.46,1.47,0.36,-0.52,2.5%,0.18,-35.3%,0.11,-50.0%,-0.78,-21.4%,-0.16,0.0%,-23.2%,-404.6%,-5.63,0.64,-3.21,7.77,-14.8%,0.61,1692630000.0,985405000.0,11409000.0,973996000.0,418709000.0,126809000.0,1025340000.0,-361470000.0,-513007000.0,126229000.0,-184140000.0,-236263000.0,,,,,,
ARML3,ON NM,ARMAC ON NM,Diversos,Aluguel de carros,14.46,10.55,17.98,9401350.0,346016000.0,5003390000.0,6419810000.0,29.7,0.49,4.12,3.51,11.77,48.1%,4.03,34.2%,1.26,13.6%,7.41,10.7%,-3.29,1.6%,14.8%,13.9%,10.67,2.22,15.1,1.82,184.6%,0.31,3964460000.0,2203470000.0,787044000.0,1416420000.0,1228790000.0,1213290000.0,1241850000.0,425060000.0,168486000.0,359539000.0,126840000.0,47874000.0,,,,,,
AGRO3,ON NM,BRASILAGRO ON NM,Agropecuária,Agricultura,25.12,20.19,27.0,9253660.0,102683000.0,2579410000.0,3064270000.0,10.06,2.5,1.15,21.92,9.88,30.7%,2.1,21.2%,0.74,20.9%,3.55,7.5%,45.9,12.8%,9.2%,11.4%,8.61,2.34,11.74,0.38,28.3%,0.36,3462660000.0,864319000.0,379455000.0,484864000.0,1267920000.0,2250940000.0,1229630000.0,261021000.0,256519000.0,264612000.0,-13764000.0,29985000.0,,,,,,
MTRE3,ON NM,MITRE REALTY ON NM,Construção Civil,Incorporações,5.32,2.87,6.97,9233790.0,105775000.0,562723000.0,1084770000.0,6.51,0.82,0.58,9.24,10.87,21.9%,0.62,5.7%,0.26,9.4%,0.5,2.4%,0.88,14.3%,2.6%,8.8%,18.23,2.65,20.95,0.63,32.4%,0.42,2171090000.0,620239000.0,98188000.0,522051000.0,1802560000.0,976846000.0,911106000.0,51783000.0,86414000.0,276552000.0,15797000.0,1894000.0,,,,,,
JSLG3,ON NM,JULIO SIMOES ON NM,Transporte,Transporte Rodoviário,11.18,5.9,13.2,8882660.0,286431000.0,3202300000.0,8294350000.0,8.59,1.3,1.9,5.88,3.67,18.5%,0.45,12.3%,0.3,5.3%,2.59,8.2%,-0.56,2.8%,9.7%,22.1%,6.43,1.64,9.5,3.76,-8.2%,0.67,10600500000.0,6324340000.0,1232290000.0,5092050000.0,3168640000.0,1683290000.0,7075720000.0,873219000.0,372815000.0,2010130000.0,250117000.0,46858000.0,,,,,,
POSI3,ON NM,POSITIVO TEC ON NM,Computadores e Equipamentos,Computadores e Equipamentos,7.32,5.92,9.68,8831510.0,141800000.0,1037980000.0,1914090000.0,5.43,1.35,0.72,10.21,2.75,30.0%,0.29,10.6%,0.25,5.5%,0.68,9.0%,1.61,7.0%,12.9%,13.2%,4.44,1.83,5.07,0.87,24.3%,0.86,4177810000.0,1264750000.0,388642000.0,876110000.0,3364850000.0,1447110000.0,3573060000.0,377619000.0,191147000.0,849022000.0,67939000.0,27029000.0,,,,,,
LOGG3,ON NM,LOG COM PROP ON NM,Exploração de Imóveis,Exploração de Imóveis,20.67,13.8,24.88,7934560.0,102159000.0,2111630000.0,3520330000.0,12.95,1.6,0.57,36.13,11.85,98.5%,8.97,75.7%,0.35,70.7%,3.48,2.9%,-1.54,4.4%,3.2%,4.4%,19.37,2.52,19.75,0.5,17.9%,0.04,6072520000.0,1845680000.0,436982000.0,1408700000.0,1007160000.0,3691420000.0,235497000.0,178240000.0,163026000.0,48112000.0,34678000.0,48533000.0,,,,,,
SEER3,ON NM,SER EDUCA ON NM,Diversos,Serviços Educacionais,6.65,2.81,8.65,7813520.0,128722000.0,856001000.0,1378980000.0,-5.38,-1.24,0.71,9.35,4.3,50.4%,0.48,11.1%,0.25,-8.9%,10.53,5.8%,-0.57,0.0%,6.2%,-13.2%,3.2,1.13,6.93,0.59,10.2%,0.52,3428100000.0,706970000.0,183992000.0,522978000.0,730966000.0,1203790000.0,1791140000.0,198901000.0,-159127000.0,418291000.0,31449000.0,-36767000.0,,,,,,
TGMA3,ON NM,Tegma ON NM,Transporte,Transporte Rodoviário,26.0,15.15,28.29,7710340.0,66003000.0,1716080000.0,1626410000.0,9.17,2.83,2.09,12.42,7.94,19.7%,1.12,14.1%,1.47,12.2%,4.32,18.5%,7.36,6.6%,25.0%,22.8%,6.77,3.2,7.52,0.21,4.5%,1.32,1166100000.0,168964000.0,258630000.0,-89666000.0,578394000.0,819533000.0,1539070000.0,216255000.0,187057000.0,426977000.0,65718000.0,56176000.0,,,,,,
LIGT3,ON,LIGHT SA ON,Energia Elétrica,Energia Elétrica,6.34,1.92,9.77,7680070.0,372555000.0,2362000000.0,11179100000.0,-0.45,-14.2,0.77,8.18,-1.66,16.5%,0.18,-10.7%,0.1,-39.8%,-0.22,-6.1%,-0.15,0.0%,-7.1%,-173.5%,-17.18,0.29,-7.86,3.46,2.3%,0.57,23361900000.0,10534600000.0,1717530000.0,8817080000.0,4506480000.0,3048560000.0,13290300000.0,-1422550000.0,-5288410000.0,3495320000.0,368385000.0,-10923000.0,,,,,,
CAML3,ON NM,CAMIL ON NM,Alimentos Processados,Alimentos Diversos,8.95,6.44,8.96,7601990.0,350000000.0,3132500000.0,6938980000.0,11.62,0.77,1.03,8.68,6.61,19.7%,0.28,4.3%,0.3,2.4%,1.2,4.6%,-2.76,3.2%,6.1%,8.9%,9.42,1.74,14.64,1.74,20.1%,1.07,10333600000.0,5292250000.0,1485780000.0,3806480000.0,6158480000.0,3038400000.0,11082700000.0,473860000.0,269507000.0,3003560000.0,154365000.0,142913000.0,,,,,,
FESA4,PN,FERBASA PN,Siderurgia e Metalurgia,Siderurgia,10.85,10.37,14.59,7562640.0,353280000.0,3833090000.0,3146060000.0,7.99,1.36,1.18,9.2,7.57,28.8%,1.47,19.4%,0.93,18.4%,3.15,12.2%,4.79,6.3%,16.6%,14.8%,4.4,3.6,6.21,0.09,24.4%,0.63,4136810000.0,277800000.0,964825000.0,-687025000.0,1686370000.0,3248510000.0,2607580000.0,506531000.0,479623000.0,550921000.0,58093000.0,74463000.0,,,,,,
USIM3,ON N1,USIMINAS ON N1,Siderurgia e Metalurgia,Siderurgia,8.64,5.99,9.2,7393830.0,1253080000.0,10826600000.0,11175000000.0,-23.24,-0.37,0.46,18.71,8.39,8.5%,0.38,4.5%,0.27,-0.6%,0.81,3.2%,2.27,3.5%,4.0%,-2.0%,4.86,3.43,8.66,0.26,24.3%,0.71,40205300000.0,6068700000.0,5720300000.0,348399000.0,18886200000.0,23446300000.0,28516800000.0,1290180000.0,-465771000.0,6714210000.0,-101270000.0,-211976000.0,,,,,,
GRND3,ON,GRENDENE SA ON,"Tecidos, Vestuário e Calçados",Calçados,6.79,5.24,7.62,7273570.0,902160000.0,6125670000.0,5426520000.0,11.84,0.57,1.76,3.86,16.56,44.0%,2.51,15.2%,1.58,21.2%,2.87,9.6%,2.91,20.4%,12.3%,14.8%,11.7,7.09,14.67,0.03,6.6%,0.63,3865070000.0,92688000.0,791839000.0,-699151000.0,2483290000.0,3483510000.0,2436500000.0,369917000.0,517246000.0,689103000.0,120840000.0,134276000.0,,,,,,
MLAS3,ON NM,MULTILASER ON NM,Computadores e Equipamentos,Computadores e Equipamentos,1.96,1.26,3.71,6533350.0,820539000.0,1608260000.0,1648390000.0,-2.24,-0.87,0.45,4.32,-2.21,12.5%,0.43,-19.3%,0.28,-19.0%,0.51,-12.5%,0.75,0.0%,-16.5%,-20.2%,-2.51,3.45,-2.27,0.26,-7.8%,0.65,5823370000.0,938385000.0,898252000.0,40133000.0,4416210000.0,3542230000.0,3770030000.0,-727648000.0,-716573000.0,883788000.0,-194661000.0,-212246000.0,,,,,,
EVEN3,ON NM,Even ON NM,Construção Civil,Incorporações,7.63,4.02,8.2,6383750.0,200000000.0,1526000000.0,1708100000.0,9.6,0.79,0.79,9.69,8.01,20.5%,0.6,7.5%,0.22,8.8%,0.39,2.7%,1.28,6.6%,3.2%,8.2%,8.53,3.51,8.97,0.59,10.7%,0.36,7052270000.0,1135080000.0,952984000.0,182097000.0,5447260000.0,1937970000.0,2531040000.0,190401000.0,158972000.0,651805000.0,26540000.0,48035000.0,,,,,,
JALL3,ON NM,JALLESMACHAD ON NM,Alimentos Processados,Açucar e Alcool,7.57,6.21,9.15,6202660.0,303542000.0,2297810000.0,5048090000.0,5.79,1.31,1.15,6.58,9.63,29.1%,1.36,14.1%,0.35,23.5%,1.37,3.6%,-1.13,5.7%,4.3%,19.9%,5.54,2.96,21.16,1.84,14.1%,0.26,6554830000.0,3677060000.0,926782000.0,2750280000.0,2530180000.0,1996410000.0,1689770000.0,238524000.0,396727000.0,465936000.0,167883000.0,-47550000.0,,,,,,
FRAS3,ON,FRAS-LE S.A. ON,Material de Transporte,Material Rodoviário,15.22,8.61,17.11,6024230.0,270016000.0,4109640000.0,3972790000.0,12.65,1.2,2.13,7.14,6.95,34.0%,1.21,17.4%,1.04,9.7%,2.95,15.0%,11.32,3.1%,23.1%,16.9%,5.53,2.44,6.72,0.45,29.4%,0.86,3946530000.0,872494000.0,1009350000.0,-136857000.0,2365260000.0,1926600000.0,3394220000.0,591008000.0,324770000.0,889065000.0,172816000.0,103857000.0,,,,,,
BLAU3,ON NM,BLAU ON NM,Comércio e Distribuição,Medicamentos e Outros Produtos,12.89,12.73,30.03,5920780.0,179394000.0,2312390000.0,2443000000.0,7.31,1.76,1.17,11.01,7.87,39.4%,1.71,21.7%,0.75,23.2%,2.0,9.6%,4.43,3.3%,12.2%,16.0%,7.5,3.44,8.32,0.31,9.4%,0.44,3074040000.0,602548000.0,471940000.0,130608000.0,1626550000.0,1974820000.0,1351850000.0,293677000.0,316502000.0,362648000.0,38869000.0,99396000.0,,,,,,
AERI3,ON NM,AERIS ON NM,Máquinas e Equipamentos,Máq. e Equip. Industriais,0.8,0.77,1.66,5571510.0,1242400000.0,993923000.0,2017450000.0,-9.08,-0.09,1.22,0.66,3.38,12.6%,0.31,9.1%,0.26,-3.4%,1.21,7.7%,-2.37,0.0%,10.7%,-13.4%,5.8,1.46,6.85,2.17,10.4%,0.84,3821650000.0,1767180000.0,743647000.0,1023530000.0,2586440000.0,815079000.0,3226830000.0,294346000.0,-109422000.0,885832000.0,62051000.0,-28694000.0,,,,,,
MDNE3,ON NM,MOURA DUBEUX ON NM,Construção Civil,Incorporações,11.72,4.73,13.33,5519490.0,84909000.0,995134000.0,973916000.0,7.5,1.56,0.76,15.39,5.51,33.2%,0.93,16.8%,0.31,12.3%,1.35,5.6%,-1.29,0.0%,6.2%,10.2%,5.2,2.69,5.39,0.19,32.0%,0.33,3248940000.0,241869000.0,263087000.0,-21218000.0,1173460000.0,1306870000.0,1075660000.0,180580000.0,132683000.0,301901000.0,58124000.0,46121000.0,,,,,,
AZEV4,PN,AZEVEDO & TRAVASSOS PN,Construção e Engenharia,Construção Pesada,1.61,1.18,3.43,5211990.0,167810000.0,270174000.0,311380000.0,-6.42,-0.25,1.93,0.83,-2.88,11.5%,0.55,-19.2%,0.45,-8.6%,-6.95,-15.6%,-1.23,0.0%,-17.9%,-30.0%,-6.15,0.86,-3.32,0.31,454.9%,0.82,601574000.0,43027000.0,1821000.0,41206000.0,242711000.0,140013000.0,490479000.0,-93928000.0,-42067000.0,68298000.0,-26782000.0,-35130000.0,,,,,,
BMGB4,PN N1,BANCO BMG PN N1,Intermediários Financeiros,Bancos,3.25,1.78,3.55,5090310.0,583232000.0,1895500000.0,,12.39,0.26,0.49,6.68,,,,,,0.0%,,0.0%,,11.6%,,3.9%,,,,,-13.0%,,46996800000.0,,,,,3896220000.0,,,153044000.0,,,71661000.0,29528200000.0,18882000000.0,1390360000.0,384853000.0,218190000.0,47664000.0
PNVL3,ON,PANVEL FARMÁCIAS ON,Comércio e Distribuição,Medicamentos e Outros Produtos,12.02,8.81,13.37,5085480.0,150377000.0,1807530000.0,2617170000.0,20.54,0.59,1.59,7.57,12.33,30.9%,0.42,3.4%,0.61,2.0%,2.5,5.0%,-25.28,2.1%,6.8%,7.7%,7.74,1.71,17.85,0.94,14.5%,1.47,2945700000.0,1074660000.0,265031000.0,809634000.0,1735160000.0,1139060000.0,4324540000.0,146598000.0,88022000.0,1130150000.0,39023000.0,23645000.0,,,,,,
PGMN3,ON NM,PAGUE MENOS ON NM,Comércio e Distribuição,Medicamentos e Outros Produtos,3.51,2.51,4.57,4957130.0,541780000.0,1901650000.0,3111890000.0,30.1,0.12,0.74,4.72,5.41,31.9%,0.17,3.2%,0.22,-0.9%,1.33,4.0%,-1.1,4.3%,5.4%,2.5%,3.54,1.48,8.86,0.68,14.3%,1.26,8703190000.0,1740450000.0,530204000.0,1210240000.0,4413720000.0,2557500000.0,10992200000.0,351351000.0,63186000.0,2879490000.0,114433000.0,-23659000.0,,,,,,
TASA4,PN,TAURUS ARMAS PN,Máquinas e Equipamentos,Armas e Munições,14.56,12.78,16.69,4790780.0,126634000.0,1843790000.0,2204080000.0,7.97,1.83,1.66,8.75,6.15,38.1%,0.94,15.3%,0.85,11.8%,3.78,13.8%,8.64,9.6%,15.7%,20.9%,6.61,1.62,7.35,0.45,23.0%,0.9,2170630000.0,501727000.0,141442000.0,360285000.0,1275880000.0,1108070000.0,1960730000.0,299940000.0,231293000.0,439319000.0,48274000.0,26001000.0,,,,,,
BRBI11,UNT N2,BR PARTNERS UNT N2,Intermediários Financeiros,Bancos,15.8,8.87,16.51,4788060.0,314987000.0,1658930000.0,,0.0,0.0,0.0,0.0,,,,,,,,0.0%,,8.4%,,,,,,,,,912816000.0,,,,,0.0,,,0.0,,,40150000.0,0.0,0.0,-1437200000.0,-371000.0,0.0,0.0
PTBL3,ON,PORTOBELLO S/A ON,Construção e Engenharia,Produtos para Construção,6.67,4.5,8.46,4714840.0,140987000.0,940383000.0,1807280000.0,-23.35,-0.29,2.46,2.71,7.22,39.7%,0.44,6.1%,0.31,-1.9%,-41.95,4.3%,-0.64,3.1%,5.8%,-10.5%,7.0,0.98,13.87,3.12,21.5%,0.7,3035530000.0,1192620000.0,325731000.0,866892000.0,1191140000.0,382221000.0,2130940000.0,130329000.0,-40272000.0,598023000.0,56410000.0,3967000.0,,,,,,
PDGR3,ON NM,PDG REALT ON NM,Construção Civil,Incorporações,0.4,0.36,14.0,4597830.0,77786000.0,31114400.0,1402690000.0,-0.03,-11.88,-0.01,-69.17,-1.81,60.9%,0.23,-12.7%,0.03,-685.3%,-0.01,-1.6%,-0.01,0.0%,-2.4%,17.2%,-85.3,0.22,-81.59,-0.27,-0.9%,0.13,1050230000.0,1444630000.0,73050000.0,1371580000.0,808201000.0,-5380590000.0,135609000.0,-17193000.0,-923952000.0,48886000.0,6416000.0,-225664000.0,,,,,,
LAVV3,ON NM,LAVVI ON NM,Construção Civil,Incorporações,7.59,4.57,8.81,4396960.0,199534000.0,1514460000.0,1205390000.0,8.62,0.88,1.2,6.32,10.01,33.0%,1.91,19.0%,0.69,23.8%,1.36,6.9%,2.15,8.7%,9.0%,13.9%,7.92,3.44,7.96,0.15,8.2%,0.36,2198320000.0,184039000.0,493108000.0,-309069000.0,1572610000.0,1261230000.0,794922000.0,151349000.0,175776000.0,204980000.0,41082000.0,48565000.0,,,,,,
BMOB3,ON NM,BEMOBI TECH ON NM,Programas e Serviços,Programas e Serviços,12.44,11.13,15.29,4040180.0,87003700.0,1082330000.0,546983000.0,15.79,0.79,1.0,12.41,11.15,24.0%,0.83,7.4%,0.78,5.2%,1.67,7.0%,1.76,6.1%,12.9%,6.3%,3.46,3.35,5.63,,109.1%,0.94,1393540000.0,0.0,535343000.0,-535343000.0,926838000.0,1080030000.0,1307610000.0,97091000.0,68534000.0,326064000.0,26316000.0,14885000.0,,,,,,
OPCT3,ON NM,OCEANPACT ON NM,"Petróleo, Gás e Biocombustíveis",Equipamentos e Serviços,5.65,2.63,6.47,4014280.0,199960000.0,1129770000.0,2108720000.0,-16.82,-0.34,1.42,3.97,5.48,22.6%,0.73,13.3%,0.47,5.3%,5.43,8.5%,-1.25,0.0%,10.0%,-8.5%,4.63,1.41,10.22,1.56,52.5%,0.64,2421070000.0,1241380000.0,262438000.0,978945000.0,720860000.0,794548000.0,1547060000.0,206329000.0,-67161000.0,452228000.0,66416000.0,-13925000.0,,,,,,
TRIS3,ON NM,Trisul ON NM,Construção Civil,Incorporações,4.91,2.77,6.99,3943280.0,186618000.0,916294000.0,1678240000.0,8.59,0.57,0.69,7.14,10.68,24.1%,0.95,8.9%,0.34,11.5%,0.7,3.2%,1.3,2.8%,3.6%,8.0%,18.57,2.82,19.56,0.76,4.2%,0.36,2695850000.0,1014460000.0,252507000.0,761949000.0,2028170000.0,1332140000.0,967409000.0,85817000.0,106705000.0,253179000.0,21158000.0,22968000.0,,,,,,
PORT3,ON NM,WILSON SONS ON NM,Transporte,Serviços de Apoio e Armazenagem,16.54,9.04,17.36,3725100.0,439989000.0,7277420000.0,9734830000.0,18.33,0.9,3.17,5.22,12.33,44.7%,3.08,24.9%,1.26,17.1%,-50.65,10.2%,-2.75,3.8%,10.9%,17.3%,11.1,0.85,16.5,1.16,-14.6%,0.41,5764980000.0,2674460000.0,217046000.0,2457410000.0,813418000.0,2298890000.0,2366380000.0,590158000.0,397018000.0,618585000.0,184283000.0,94057000.0,,,,,,
ROMI3,ON,ROMI ON,Máquinas e Equipamentos,Máq. e Equip. Industriais,13.14,10.91,17.9,3697440.0,88734000.0,1165960000.0,1660880000.0,5.83,2.25,1.03,12.78,6.42,31.9%,0.85,13.2%,0.51,14.6%,1.47,8.0%,4.55,7.2%,9.6%,17.6%,7.05,2.31,9.14,0.69,18.6%,0.6,2276880000.0,787752000.0,292837000.0,494915000.0,1396960000.0,1134300000.0,1376800000.0,181639000.0,199841000.0,272795000.0,18408000.0,44379000.0,,,,,,
MATD3,ON NM,MATER DEI ON NM,Serv.Méd.Hospit. Análises e Diagnósticos,Serv.Méd.Hospit. Análises e Diagnósticos,6.89,6.89,11.14,3632980.0,382330000.0,2634250000.0,3558140000.0,24.82,0.28,1.58,4.35,6.22,33.4%,1.22,19.6%,0.51,5.9%,3.21,8.2%,-1.25,0.9%,9.1%,6.4%,6.72,2.68,8.4,0.77,40.2%,0.42,5172370000.0,1287620000.0,363736000.0,923886000.0,1308890000.0,1662270000.0,2158560000.0,423733000.0,106126000.0,568227000.0,109250000.0,25548000.0,,,,,,
WIZC3,ON,WIZ CO ON,Previdência e Seguros,Corretoras de Seguros,6.78,4.92,7.25,3496470.0,159907000.0,1084170000.0,1186630000.0,11.15,0.61,2.36,2.87,2.37,58.8%,1.03,43.6%,0.47,17.8%,-18.61,20.0%,-1.31,6.6%,24.4%,21.2%,2.06,0.9,2.59,0.77,11.7%,0.46,2293670000.0,354129000.0,251667000.0,102462000.0,521688000.0,459254000.0,1050090000.0,458336000.0,97251000.0,287621000.0,145373000.0,44506000.0,,,,,,
SOJA3,ON NM,BOA SAFRA ON NM,Agropecuária,Agricultura,16.34,9.8,16.4,3341330.0,117140000.0,1914070000.0,1821220000.0,9.95,1.64,2.07,7.89,8.44,15.1%,0.99,11.8%,0.76,11.9%,1.88,9.0%,3.44,5.9%,15.1%,20.8%,7.55,2.27,8.03,0.76,48.7%,0.77,2510350000.0,703908000.0,796764000.0,-92856000.0,1823410000.0,924072000.0,1927780000.0,226685000.0,192344000.0,987423000.0,120763000.0,101238000.0,,,,,,
CLSA3,ON NM,CLEARSALE ON NM,Serviços Financeiros Diversos,Serviços Financeiros Diversos,3.21,3.05,7.51,3170040.0,187926000.0,603243000.0,229828000.0,-21.51,-0.15,0.84,3.81,-7.22,34.4%,1.16,-16.0%,0.67,-5.4%,1.42,-9.3%,1.48,0.0%,-18.3%,-3.9%,-5.63,3.59,-2.75,0.06,6.4%,0.58,898217000.0,40342000.0,413757000.0,-373415000.0,589970000.0,716090000.0,521349000.0,-83552000.0,-28044000.0,119279000.0,-38230000.0,-13930000.0,,,,,,
LOGN3,ON NM,Log-In ON NM,Transporte,Transporte Hidroviário,38.77,30.5,53.0,3124800.0,107059000.0,4150670000.0,5028130000.0,10.8,3.59,4.24,9.14,13.13,22.7%,1.82,13.8%,1.19,16.8%,13.79,9.1%,-2.81,0.0%,11.1%,39.3%,9.45,1.42,15.91,1.43,24.1%,0.66,3473980000.0,1395540000.0,518082000.0,877463000.0,1019060000.0,978996000.0,2284650000.0,316132000.0,384456000.0,622889000.0,70102000.0,40544000.0,,,,,,
SHUL4,PN,SCHULZ PN,Máquinas e Equipamentos,"Motores, Compressores e Outros",6.76,4.01,8.02,3032920.0,357375000.0,2415860000.0,2394980000.0,7.81,0.87,1.93,3.51,8.07,27.0%,1.2,14.8%,1.01,15.3%,2.55,12.5%,5.58,4.3%,19.7%,24.7%,6.63,2.5,8.0,0.57,22.5%,0.84,2399300000.0,717746000.0,738617000.0,-20871000.0,1577400000.0,1254950000.0,2020350000.0,299284000.0,309501000.0,496888000.0,60579000.0,76369000.0,,,,,,
DASA3,ON,DIAGNOSTICOS DA AMERICA SA ON,Serv.Méd.Hospit. Análises e Diagnósticos,Serv.Méd.Hospit. Análises e Diagnósticos,8.73,6.61,14.1,2844590.0,752800000.0,6571940000.0,15535500000.0,-7.79,-1.12,0.83,10.55,6.28,28.8%,0.46,7.4%,0.24,-6.0%,3.79,3.9%,-0.6,0.0%,4.5%,-10.6%,6.89,1.27,14.85,1.43,37.4%,0.52,27093700000.0,11336900000.0,2373370000.0,8963580000.0,8143700000.0,7944720000.0,14213000000.0,1046410000.0,-843210000.0,3769010000.0,321311000.0,-180507000.0,,,,,,
CSED3,ON NM,CRUZEIRO EDU ON NM,Diversos,Serviços Educacionais,4.22,1.88,5.3,2844090.0,364543000.0,1538370000.0,1698120000.0,19.71,0.21,1.07,3.95,4.33,46.8%,0.69,16.0%,0.33,3.5%,13.38,7.5%,-0.69,5.6%,9.1%,5.4%,2.76,1.12,4.78,0.61,10.9%,0.47,4726870000.0,874551000.0,714800000.0,159751000.0,1048360000.0,1439560000.0,2220380000.0,355361000.0,78033000.0,564822000.0,109647000.0,33218000.0,,,,,,
PINE4,PN,Pine PN,Intermediários Financeiros,Bancos,4.06,1.32,4.78,2839870.0,208978000.0,848451000.0,,6.07,0.67,0.88,4.62,,,,,,0.0%,,0.0%,,8.1%,,14.5%,,,,,127.7%,,19781600000.0,,,,,964510000.0,,,139717000.0,,,45226000.0,9667500000.0,6111600000.0,518272000.0,161872000.0,41685000.0,9806000.0
OIBR3,ON N1,OI ON N1,Telecomunicações,Telecomunicações,0.64,0.57,2.41,2739200.0,660304000.0,422594000.0,23142500000.0,-0.02,-34.24,-0.02,-40.62,-0.11,-3.7%,0.04,-39.6%,0.01,-224.7%,-0.11,-13.4%,-0.01,0.0%,-17.9%,84.3%,-12.25,0.72,-5.81,-0.94,-17.5%,0.34,29725700000.0,25202900000.0,2483020000.0,22719900000.0,10088700000.0,-26822900000.0,10060400000.0,-3982370000.0,-22608900000.0,2421780000.0,-962634000.0,-2830950000.0,,,,,,
DESK3,ON NM,DESKTOPSIGMA ON NM,Telecomunicações,Telecomunicações,13.46,7.33,16.73,2738040.0,115265000.0,1551470000.0,2240590000.0,17.39,0.77,1.23,10.94,5.14,63.0%,1.68,32.8%,0.53,10.9%,-22.09,10.3%,-1.21,0.1%,11.1%,7.1%,4.97,0.84,7.42,0.68,44.7%,0.31,2943280000.0,862078000.0,172956000.0,689122000.0,380584000.0,1260890000.0,921119000.0,301905000.0,89217000.0,254547000.0,78828000.0,32284000.0,,,,,,
VITT3,ON NM,VITTIA ON NM,Químicos,Fertilizantes e Defensivos,7.97,7.97,12.89,2701190.0,143049000.0,1140100000.0,1273700000.0,10.67,0.75,1.84,4.32,10.29,37.8%,1.53,14.9%,1.24,14.2%,3.17,12.1%,4.13,2.7%,13.5%,17.3%,9.71,2.67,11.5,0.32,2.6%,0.81,916569000.0,198749000.0,65150000.0,133599000.0,573903000.0,618428000.0,742994000.0,110768000.0,106808000.0,291389000.0,75509000.0,58002000.0,,,,,,
MBLY3,ON NM,MOBLY ON NM,Programas e Serviços,Programas e Serviços,1.94,1.73,4.84,2659440.0,106490000.0,206590000.0,248984000.0,-2.56,-0.76,0.42,4.62,-2.49,43.0%,0.36,-14.4%,0.26,-14.1%,0.75,-10.6%,1.45,0.0%,-14.3%,-16.4%,-19.23,2.76,-3.0,0.37,-10.3%,0.74,780024000.0,180201000.0,137807000.0,42394000.0,430413000.0,491793000.0,574454000.0,-82914000.0,-80830000.0,123813000.0,-24048000.0,-24292000.0,,,,,,
KLBN3,ON N2,KLABIN ON N2,Madeira e Papel,Papel e Celulose,4.36,3.41,4.79,2575520.0,5617890000.0,24494000000.0,45375700000.0,8.51,0.51,2.19,1.99,5.34,39.1%,1.32,24.7%,0.47,18.8%,3.36,8.9%,-1.0,6.2%,11.1%,25.8%,5.85,2.16,9.89,2.57,18.3%,0.36,51693700000.0,28734800000.0,7853130000.0,20881700000.0,13576600000.0,11159900000.0,18607100000.0,4587690000.0,2879830000.0,4400410000.0,685380000.0,258302000.0,,,,,,
RCSL4,PN,RECRUSUL PN,Material de Transporte,Material Rodoviário,0.74,0.69,2.71,2550400.0,127289000.0,94193900.0,94144900.0,-6.81,-0.11,812.02,0.0,-47.6,12.7%,1.52,-3.2%,1.54,-22.7%,11.31,-3.2%,-3.02,0.0%,-3.4%,-11920.7%,-134.69,1.38,-47.57,,41.9%,1.01,61315000.0,0.0,49000.0,-49000.0,30058000.0,116000.0,61800000.0,-1979000.0,-13828000.0,10148000.0,-978000.0,-2023000.0,,,,,,
TAEE4,PN N2,TAESA PN N2,Energia Elétrica,Energia Elétrica,12.33,10.7,12.64,2511110.0,1033500000.0,12743000000.0,21136000000.0,11.14,1.11,1.92,6.44,8.08,68.9%,4.96,61.4%,0.66,44.6%,4.78,8.1%,-1.49,6.1%,9.0%,17.2%,13.25,2.71,13.4,1.51,5.9%,0.13,19422900000.0,10067700000.0,1674800000.0,8392940000.0,4217840000.0,6652330000.0,2567240000.0,1577310000.0,1144270000.0,686466000.0,378534000.0,278942000.0,,,,,,
HBRE3,ON NM,HBR REALTY ON NM,Exploração de Imóveis,Exploração de Imóveis,5.05,3.65,6.67,2506550.0,103189000.0,521104000.0,1511910000.0,9.88,0.51,0.27,18.5,2.01,82.3%,3.42,170.1%,0.12,76.9%,124.25,6.0%,-0.34,0.0%,6.3%,2.8%,5.79,1.02,5.83,0.61,38.2%,0.04,4308740000.0,1166620000.0,175817000.0,990801000.0,267727000.0,1908600000.0,152398000.0,259200000.0,52737000.0,38371000.0,18675000.0,-7099000.0,,,,,,
PRNR3,ON NM,PRINER ON NM,Serviços Diversos,Serviços Diversos,12.05,6.35,12.29,2500420.0,38908000.0,468841000.0,648382000.0,-1730.04,-0.01,2.06,5.84,5.04,20.9%,0.46,9.2%,0.65,3.2%,3.89,12.8%,-4.1,0.0%,15.4%,-0.1%,5.11,1.49,6.98,1.2,36.3%,1.39,724061000.0,272550000.0,93009000.0,179541000.0,367810000.0,227184000.0,1009980000.0,92939000.0,-271000.0,268957000.0,20616000.0,-522000.0,,,,,,
AMAR3,ON NM,LOJAS MARISA ON NM,Comércio,"Tecidos, Vestuário e Calçados",2.84,2.18,7.2,2419060.0,68569000.0,194736000.0,1307900000.0,-0.27,-10.58,1.81,1.57,-2.02,34.3%,0.09,-4.3%,0.08,-32.4%,-0.59,-3.9%,-0.14,0.0%,-5.4%,-673.2%,10.11,0.75,-13.54,12.27,-2.3%,0.9,2479690000.0,1323250000.0,210083000.0,1113160000.0,978950000.0,107804000.0,2238460000.0,-96629000.0,-725746000.0,313826000.0,-74826000.0,-196390000.0,,,,,,
ITSA3,ON N1,ITAÚSA ON N1,Intermediários Financeiros,Bancos,9.87,7.26,10.5,2271180.0,10328100000.0,101939000000.0,104763000000.0,7.38,1.34,1.28,7.72,112.27,33.6%,13.75,12.2%,0.99,193.3%,20.47,0.9%,-16.14,5.6%,1.0%,17.3%,54.0,1.65,115.38,0.14,14.4%,0.07,102815000000.0,11032000000.0,8208000000.0,2824000000.0,12675000000.0,79738000000.0,7415000000.0,908000000.0,13806000000.0,1769000000.0,136000000.0,4091000000.0,,,,,,
AURA33,DR3,AURA 360 DR3,Mineração,Minerais Metálicos,32.45,28.93,39.74,2189100.0,70742500.0,2295590000.0,2895360000.0,8.97,3.62,1.35,24.0,3.82,36.5%,1.14,29.7%,0.54,12.7%,3.63,14.2%,-2.55,6.0%,20.6%,15.1%,4.82,1.64,4.82,0.88,27.0%,0.48,4220660000.0,1496080000.0,896306000.0,599770000.0,1621530000.0,1697640000.0,2020890000.0,600327000.0,255991000.0,539832000.0,97779000.0,37857000.0,,,,,,
MEAL3,ON NM,IMC S/A ON NM,Hoteis e Restaurantes,Restaurante e Similares,1.83,1.52,2.85,2172810.0,286370000.0,524057000.0,841091000.0,4.48,0.41,0.47,3.88,-9.72,32.2%,0.23,-2.4%,0.19,5.2%,-5.75,-2.0%,-0.45,0.0%,-2.2%,10.5%,4.51,0.84,-15.6,0.45,14.4%,0.82,2757440000.0,503973000.0,186939000.0,317034000.0,479312000.0,1112260000.0,2247810000.0,-53904000.0,116858000.0,626034000.0,21228000.0,16402000.0,,,,,,
HBOR3,ON,Helbor ON,Construção Civil,Incorporações,2.67,1.82,4.41,2086450.0,133851000.0,357382000.0,2027170000.0,8.83,0.3,0.26,10.42,3.26,28.3%,0.31,9.6%,0.06,12.3%,0.16,1.9%,-5.22,3.4%,2.0%,2.9%,14.6,3.03,18.52,1.39,-5.0%,0.2,5747100000.0,1938020000.0,268232000.0,1669790000.0,3386260000.0,1394330000.0,1144090000.0,109483000.0,40495000.0,324618000.0,38407000.0,8531000.0,,,,,,
APER3,ON,ALPER S.A. ON,Previdência e Seguros,Corretoras de Seguros,43.77,20.26,44.0,2063660.0,20391000.0,892514000.0,881042000.0,60.27,0.73,1.87,23.43,15.03,100.0%,3.01,20.0%,1.09,5.0%,-50.07,7.2%,-5.12,0.7%,8.0%,3.1%,10.71,0.9,14.83,0.11,37.8%,0.36,820070000.0,50406000.0,61878000.0,-11472000.0,167803000.0,477848000.0,296472000.0,59399000.0,14809000.0,80963000.0,9830000.0,2774000.0,,,,,,
ESPA3,ON NM,ESPACOLASER ON NM,Comércio,Produtos Diversos,1.1,0.95,2.04,2060220.0,361423000.0,397565000.0,1087780000.0,-19.71,-0.06,0.45,2.43,3.52,36.9%,0.4,11.4%,0.17,-2.3%,2.99,4.9%,-0.89,0.0%,5.5%,-2.3%,5.55,1.16,9.63,1.04,14.8%,0.44,2284960000.0,912536000.0,222324000.0,690212000.0,958676000.0,877564000.0,994253000.0,112913000.0,-20170000.0,234290000.0,31681000.0,-1204000.0,,,,,,
PFRM3,ON NM,PROFARMA ON NM,Comércio e Distribuição,Medicamentos e Outros Produtos,4.86,2.83,5.87,1948200.0,123813000.0,601731000.0,1133800000.0,12.93,0.38,0.48,10.19,1.6,14.6%,0.07,4.4%,0.13,0.6%,0.68,8.0%,3.34,7.9%,13.5%,3.7%,2.17,1.37,3.01,0.56,16.8%,1.82,4686430000.0,710099000.0,178029000.0,532070000.0,3312700000.0,1261610000.0,8550460000.0,377192000.0,46546000.0,2297550000.0,113627000.0,32161000.0,,,,,,
ETER3,ON,ETERNIT ON,Construção e Engenharia,Produtos para Construção,7.8,7.22,14.24,1927080.0,61777000.0,481861000.0,587981000.0,8.28,0.94,0.68,11.5,5.86,26.5%,0.42,7.1%,0.39,5.0%,1.54,6.6%,7.12,4.3%,7.3%,8.2%,5.01,2.07,7.14,0.21,26.2%,0.93,1248870000.0,146010000.0,39890000.0,106120000.0,606002000.0,710421000.0,1159510000.0,82299000.0,58203000.0,290990000.0,26720000.0,21067000.0,,,,,,
VIVR3,ON NM,VIVER ON NM,Construção Civil,Incorporações,4.78,2.78,5.67,1869670.0,27347000.0,130719000.0,125134000.0,-1.27,-3.76,6.54,0.73,-4.38,24.2%,1.58,-36.0%,0.43,-124.1%,21.3,-9.8%,-0.95,0.0%,-11.0%,-514.4%,-4.33,1.04,-4.19,0.97,2.9%,0.27,304597000.0,19443000.0,25028000.0,-5585000.0,146662000.0,19987000.0,82942000.0,-29835000.0,-102822000.0,18369000.0,-5012000.0,-37690000.0,,,,,,
TFCO4,PN,TRACK FIELD PN,"Tecidos, Vestuário e Calçados",Vestuário,14.31,9.39,15.03,1791620.0,159718000.0,2285560000.0,2341030000.0,20.08,0.71,5.85,2.45,16.05,58.0%,3.53,22.0%,3.68,17.6%,7.58,22.9%,10.82,1.2%,27.0%,29.1%,15.35,3.15,16.44,0.26,26.5%,1.04,621261000.0,101739000.0,46274000.0,55465000.0,441568000.0,390905000.0,647055000.0,142410000.0,113810000.0,164278000.0,34913000.0,27164000.0,,,,,,
SANB4,PN,SANTANDER PN,Intermediários Financeiros,Bancos,15.44,13.05,16.81,1703420.0,7498530000.0,115777000000.0,,13.8,1.12,1.37,11.3,,,,,,0.0%,,0.0%,,7.0%,,9.9%,,,,,-6.4%,,1172490000000.0,,,,,84726300000.0,,,8388630000.0,,,2656630000.0,468527000000.0,321027000000.0,11524200000.0,4378720000.0,15935200000.0,4262980000.0
DEXP3,ON,DEXXOS PAR ON,Químicos,Petroquímicos,11.66,6.63,12.16,1642450.0,94014000.0,1096200000.0,973277000.0,6.87,1.7,1.59,7.34,5.37,20.5%,0.61,11.3%,0.77,10.6%,1.72,14.4%,3.26,3.4%,22.5%,23.1%,4.17,3.17,4.76,0.42,28.5%,1.27,1420510000.0,290410000.0,413336000.0,-122926000.0,929272000.0,690501000.0,1801050000.0,204309000.0,159550000.0,411454000.0,35249000.0,39904000.0,,,,,,
SYNE3,ON NM,SYN PROP TEC ON NM,Exploração de Imóveis,Exploração de Imóveis,4.28,2.74,4.87,1611930.0,152644000.0,653316000.0,1330900000.0,-16.65,-0.26,0.43,9.9,4.52,50.1%,1.54,34.1%,0.16,-6.4%,2.01,3.6%,-0.63,0.0%,3.9%,-2.6%,6.3,4.01,9.2,0.67,15.2%,0.11,4027220000.0,1008770000.0,331184000.0,677582000.0,432129000.0,1510730000.0,424273000.0,144604000.0,-39230000.0,105909000.0,49075000.0,3560000.0,,,,,,
POMO3,ON,MARCOPOLO ON,Material de Transporte,Material Rodoviário,6.04,2.25,6.04,1575670.0,946893000.0,5719230000.0,6752300000.0,7.18,0.84,1.7,3.56,7.04,21.7%,0.89,12.7%,0.75,12.5%,2.31,10.7%,13.75,5.5%,14.6%,23.6%,7.13,2.16,8.31,0.73,10.5%,0.84,7613290000.0,2464320000.0,1431250000.0,1033070000.0,4614030000.0,3369750000.0,6422160000.0,812665000.0,796730000.0,1614830000.0,230154000.0,159858000.0,,,,,,
SAPR3,ON,SANEPAR ON,Água e Saneamento,Água e Saneamento,5.34,3.07,5.58,1526830.0,1511210000.0,8069840000.0,12471000000.0,5.42,0.99,0.85,6.28,3.05,60.1%,1.33,43.6%,0.44,24.5%,10.22,14.5%,-1.32,5.3%,15.9%,15.7%,4.0,1.41,4.71,0.6,7.6%,0.33,18315500000.0,5677300000.0,1276090000.0,4401200000.0,2696460000.0,9497430000.0,6071000000.0,2647990000.0,1489500000.0,1605780000.0,725843000.0,396860000.0,,,,,,
BRIT3,ON NM,BRISANET ON NM,Telecomunicações,Telecomunicações,3.22,1.75,3.96,1472440.0,449095000.0,1446090000.0,2180640000.0,10.99,0.29,0.98,3.3,4.97,46.8%,1.23,24.6%,0.46,11.1%,3.57,9.3%,-1.56,1.0%,11.4%,8.9%,3.59,2.3,7.5,0.83,29.4%,0.38,3129300000.0,1234920000.0,500368000.0,734556000.0,716924000.0,1480810000.0,1180260000.0,290851000.0,131550000.0,310512000.0,68501000.0,31804000.0,,,,,,
AALR3,ON NM,ALLIAR ON NM,Serv.Méd.Hospit. Análises e Diagnósticos,Serv.Méd.Hospit. Análises e Diagnósticos,8.35,7.55,24.3,1465310.0,118293000.0,987747000.0,1744520000.0,-3.75,-2.22,0.97,8.58,46.29,30.1%,0.86,1.8%,0.36,-22.1%,-4.42,0.8%,-0.91,0.0%,0.9%,-25.9%,12.62,0.74,81.76,1.04,3.5%,0.42,2748190000.0,1051380000.0,294614000.0,756769000.0,620452000.0,1015110000.0,1153980000.0,21336000.0,-263165000.0,302330000.0,17508000.0,-51762000.0,,,,,,
BRAP3,ON N1,BRADESPAR S/A ON N1,Mineração,Minerais Metálicos,21.0,18.14,25.47,1433980.0,393097000.0,8255040000.0,7751970000.0,3.89,5.4,1.03,20.41,-404.16,,,,1.02,0.0%,17.97,-0.3%,17.99,13.1%,-0.3%,26.4%,-379.53,5.31,-379.53,,,,8130680000.0,0.0,503064000.0,-503064000.0,565717000.0,8023720000.0,0.0,-20425000.0,2121610000.0,0.0,-5045000.0,429427000.0,,,,,,
SANB3,ON,SANTANDER ON,Intermediários Financeiros,Bancos,13.79,11.27,15.09,1426420.0,7498530000.0,103405000000.0,,12.33,1.12,1.22,11.3,,,,,,0.0%,,0.0%,,7.1%,,9.9%,,,,,-6.4%,,1172490000000.0,,,,,84726300000.0,,,8388630000.0,,,2656630000.0,468527000000.0,321027000000.0,11524200000.0,4378720000.0,15935200000.0,4262980000.0
SGPS3,ON NM,Springs ON NM,"Tecidos, Vestuário e Calçados",Fios e Tecidos,1.18,0.71,3.83,1424160.0,50000000.0,59000000.0,936401000.0,-0.08,-15.56,0.36,3.31,-0.14,2.4%,0.06,-42.3%,0.02,-77.2%,-0.06,-16.7%,-0.04,0.0%,-20.1%,-470.1%,-2.85,0.45,-2.2,6.43,-1.3%,0.39,2553720000.0,1064330000.0,186932000.0,877401000.0,759650000.0,165504000.0,1007510000.0,-426248000.0,-778078000.0,171342000.0,-104494000.0,-212052000.0,,,,,,
ENJU3,ON NM,ENJOEI ON NM,Programas e Serviços,Programas e Serviços,1.75,0.71,1.89,1343030.0,202631000.0,354604000.0,81598500.0,-8.05,-0.22,1.0,1.75,-5.08,46.1%,2.15,-42.3%,0.82,-26.7%,1.38,-16.1%,1.47,0.0%,-51.7%,-12.4%,-1.74,5.06,-1.17,,25.2%,0.38,433943000.0,0.0,273005000.0,-273005000.0,321103000.0,353986000.0,165039000.0,-69819000.0,-44064000.0,54889000.0,-28064000.0,-23051000.0,,,,,,
TAEE3,ON N2,TAESA ON N2,Energia Elétrica,Energia Elétrica,12.2,10.65,12.58,1334230.0,1033500000.0,12608700000.0,21001600000.0,11.02,1.11,1.9,6.44,7.99,68.9%,4.91,61.4%,0.65,44.6%,4.73,8.1%,-1.47,6.1%,9.0%,17.2%,13.16,2.71,13.31,1.51,5.9%,0.13,19422900000.0,10067700000.0,1674800000.0,8392940000.0,4217840000.0,6652330000.0,2567240000.0,1577310000.0,1144270000.0,686466000.0,378534000.0,278942000.0,,,,,,
GGBR3,ON N1,GERDAU S.A. ON N1,Siderurgia e Metalurgia,Siderurgia,20.32,19.34,25.33,1307110.0,1757070000.0,35703600000.0,41179000000.0,4.39,4.63,0.71,28.8,3.44,17.5%,0.49,14.4%,0.47,11.3%,1.75,13.6%,6.78,7.9%,16.0%,16.1%,3.07,2.93,3.97,0.23,21.0%,0.94,76410400000.0,11478100000.0,6002670000.0,5475410000.0,30891800000.0,50600900000.0,72165000000.0,10366500000.0,8131230000.0,17063300000.0,2253810000.0,1581790000.0,,,,,,
CSUD3,ON,CSU DIGITAL ON,Serviços Diversos,Serviços Diversos,19.21,8.43,19.9,1288160.0,41800000.0,802978000.0,796960000.0,9.3,2.07,1.95,9.87,7.04,39.2%,1.51,21.4%,1.32,16.2%,20.59,18.7%,-31.83,5.2%,22.9%,20.9%,4.51,1.29,6.99,0.18,6.3%,0.87,609916000.0,73156000.0,79174000.0,-6018000.0,171969000.0,412720000.0,533033000.0,114053000.0,86357000.0,132356000.0,32148000.0,23695000.0,,,,,,
EUCA4,PN,EUCATEX PN,Madeira e Papel,Madeira,16.91,8.15,17.83,1250570.0,92619000.0,1566190000.0,2081780000.0,5.7,2.97,0.71,23.81,4.0,32.8%,0.59,14.8%,0.39,10.4%,2.5,9.8%,-5.89,5.4%,11.1%,12.5%,3.25,1.71,5.32,0.34,17.7%,0.67,3977510000.0,739570000.0,223974000.0,515596000.0,1506140000.0,2205650000.0,2653630000.0,391663000.0,274850000.0,684714000.0,93025000.0,60541000.0,,,,,,
AZEV3,ON,AZEVEDO & TRAVASSOS ON,Construção e Engenharia,Construção Pesada,1.63,1.25,3.3,1194190.0,167810000.0,273530000.0,314736000.0,-6.5,-0.25,1.95,0.83,-2.91,11.5%,0.56,-19.2%,0.45,-8.6%,-7.03,-15.6%,-1.25,0.0%,-17.9%,-30.0%,-6.21,0.86,-3.35,0.31,454.9%,0.82,601574000.0,43027000.0,1821000.0,41206000.0,242711000.0,140013000.0,490479000.0,-93928000.0,-42067000.0,68298000.0,-26782000.0,-35130000.0,,,,,,
CAMB3,ON,PENALTY ON,"Tecidos, Vestuário e Calçados",Calçados,11.41,4.68,11.41,1187230.0,42275000.0,482358000.0,508345000.0,6.28,1.82,2.2,5.19,4.35,47.8%,1.01,23.1%,1.36,16.1%,5.84,31.3%,13.25,2.6%,33.4%,35.0%,4.13,1.93,4.59,0.13,28.1%,1.35,354229000.0,28502000.0,2515000.0,25987000.0,171427000.0,219208000.0,478564000.0,110772000.0,76787000.0,120163000.0,28896000.0,22001000.0,,,,,,
ELMD3,ON NM,ELETROMIDIA ON NM,Mídia,Publicidade e Propaganda,17.25,11.8,18.29,1158310.0,139984000.0,2414720000.0,2991720000.0,41.46,0.42,3.02,5.72,14.48,45.4%,2.76,19.0%,1.03,9.4%,85.38,7.1%,-3.25,0.0%,9.3%,7.3%,9.81,1.05,17.94,1.23,58.7%,0.37,2347840000.0,982800000.0,405803000.0,576997000.0,629144000.0,800087000.0,875925000.0,166745000.0,58237000.0,228187000.0,43826000.0,4067000.0,,,,,,
LAND3,ON NM,TERRASANTAPA ON NM,Agropecuária,Agricultura,16.38,15.5,29.68,1139700.0,96227000.0,1576200000.0,1676910000.0,11.21,1.46,2.22,7.37,23.66,94.3%,16.26,68.7%,1.71,145.1%,-44.03,7.2%,-8.05,8.3%,7.2%,19.8%,23.64,0.35,25.18,0.15,-17.9%,0.1,923991000.0,105314000.0,4598000.0,100716000.0,18955000.0,709172000.0,96956000.0,66605000.0,140649000.0,22597000.0,14590000.0,7982000.0,,,,,,
FIQE3,ON NM,UNIFIQUE ON NM,Telecomunicações,Telecomunicações,3.79,2.87,4.45,1028530.0,362050000.0,1372170000.0,1286390000.0,10.69,0.35,1.27,2.98,7.35,44.7%,1.63,22.2%,0.7,15.3%,6.81,9.5%,-4.4,4.1%,12.4%,11.9%,3.24,1.53,6.89,0.31,33.2%,0.43,1973470000.0,332075000.0,417848000.0,-85773000.0,582379000.0,1079370000.0,841089000.0,186653000.0,128399000.0,231090000.0,51682000.0,40954000.0,,,,,,
