TICKER;PRECO;DY;P/L;P/VP;P/ATIVOS;MARGEM BRUTA;MARGEM EBIT;MARG. LIQUIDA;P/EBIT;EV/EBIT;DIVIDA LIQUIDA / EBIT;DIV. LIQ. / PATRI.;PSR;P/CAP. GIRO;P. AT CIR. LIQ.;LIQ. CORRENTE;ROE;ROA;ROIC;PATRIMONIO / ATIVOS;PASSIVOS / ATIVOS;GIRO ATIVOS;CAGR RECEITAS 5 ANOS;CAGR LUCROS 5 ANOS;LIQUIDEZ MEDIA DIARIA;VPA;LPA;PEG Ratio;VALOR DE MERCADO;Vol Histórica;Tag Along;Tickers Opções;Segmento;Free Float;margembruta_pos_years;margemliquida_pos_years;margemliquida_last_negative_year;lpa_pos_years;lpa_last_negative_year;margembruta_trend;margemliquida_trend;lpa_trend;vpa_trend;dividaliquida_patrimonioliquido_trend;dividaliquida_ebit_trend;passivo_ativo_trend;liquidezcorrente_trend;margembruta_last_negative_year
VALE3;66.01;9.21;6.31;1.58;0.67;40.12;31.07;23.03;4.67;5.46;0.78;0.26;1.45;58.16;-0.81;1.08;24.99;10.66;21.26;0.43;0.56;0.46;15.85;21.94;1834162724.21;41.9;10.47;-0.11;299619890355.8;26.432432209113;100.0%;992.0;Novo Mercado;98.01%;1.0;0.8823529411764706;2019.0;0.8571428571428571;2019.0;-0.01016130794332415;0.01544998910437867;0.08855177395640412;0.03269410906386572;-0.040653813914495185;0.010392357059507473;0.017563648082502326;-0.07770457058605196;
PETR4;42.45;17.26;4.04;1.43;0.54;51.08;38.69;25.53;2.67;3.86;1.15;0.62;1.03;-76.27;-0.63;0.95;35.47;13.35;21.54;0.38;0.62;0.52;17.72;;1301390794.35;29.59;10.5;-0.18;562297716941.8;30.091372066372;100.0%;1383.0;Nível 2;63.39%;1.0;0.7647058823529411;2017.0;0.7142857142857143;2017.0;0.028250213128725887;0.044992939995810666;0.09614997972506378;0.01523443578146999;0.028306159420293353;0.06111684558216912;0.01764455782312857;-0.035927062646693986;
ITUB4;35.68;3.52;10.99;1.9;0.14;30.03;9.92;8.3;9.2;8.57;;;0.91;;-0.14;;17.34;1.27;;0.07;0.92;0.15;13.63;6.54;860035044.41;18.73;3.25;0.94;325813423879.08;21.02078784595;80.0%;456.0;Nível 1;52.89%;1.0;1.0;;1.0;;-0.03979150275374577;0.23192499348745188;-0.011684420405598583;-0.000683905955855435;;;0.001438733914155721;0.07920333487724607;
BBDC4;13.97;7.97;10.74;0.89;0.08;30.94;3.95;6.18;16.82;15.98;;;0.66;0.65;-0.09;11.4;8.33;0.73;;0.09;0.91;0.12;8.37;-4.12;793480394.06;15.62;1.3;-0.25;141315297625.38;31.18892637332;80.0%;576.0;Nível 1;62.46%;1.0;1.0;;1.0;;-0.0219962177399583;-0.025170476812536147;-0.09127529721033834;-0.010011862815218375;;;0.003334619837900954;0.17468526709768528;
BBAS3;59.3;7.72;5.1;1.03;0.08;32.66;15.94;12.4;3.97;3.97;;;0.63;2.97;-0.08;14.76;20.1;1.5;;0.07;0.92;0.12;9.97;25.65;500503101.5;57.82;11.62;0.23;169919229286.0;22.589095359837;100.0%;688.0;Novo Mercado;49.58%;1.0;1.0;;1.0;;0.007122794209260208;-0.004981099667536015;0.06037308933657104;0.05650658827116706;;;-0.002888616891064788;-0.08162766329025495;
B3SA3;12.94;3.23;17.31;3.61;1.53;85.66;51.52;40.19;13.51;12.89;-0.62;-0.17;6.96;13.39;-2.38;1.46;20.86;8.82;12.22;0.42;0.58;0.22;22.44;26.63;452366870.76;3.58;0.75;-7.98;73065710000.0;33.124567973705;100.0%;373.0;Novo Mercado;101.54%;1.0;1.0;;1.0;;-0.010058764142350185;-0.023045353557520576;0.029618393132541332;-0.09415892116668656;0.03107210626185708;-0.23491678224686785;0.056411290322600616;-0.04290744466800778;
PRIO3;46.12;0.16;9.03;3.19;1.44;62.28;55.18;44.93;7.35;8.83;1.48;0.64;4.06;33.48;-1.76;1.32;35.33;15.98;22.46;0.45;0.55;0.36;64.15;145.76;409414339.32;14.46;5.11;0.3;41141804156.08;35.623170571232;100.0%;358.0;Novo Mercado;94.07%;0.875;0.625;2014.0;0.7142857142857143;2014.0;0.03914731948171091;0.5396556831312824;0.19803044250318114;0.3091397903718385;0.18513388734995617;0.18484263151913316;0.05895576504713329;0.4102321188777498;2016.0
RENT3;54.04;3.54;37.36;2.29;0.78;29.04;19.78;5.75;10.85;16.16;5.31;1.12;2.15;221.77;-0.98;1.02;6.13;2.09;8.55;0.34;0.66;0.36;24.03;25.03;391438120.56;23.59;1.45;-2.32;57719871038.76;30.598178854594;100.0%;147.0;Novo Mercado;84.49%;1.0;1.0;;1.0;;0.010041062989074367;0.0027966354653785608;0.004434418005234253;0.06427702528389401;-0.00328947368421062;0.03761203098891164;-0.0038863976083705065;-0.007993103023583248;
MGLU3;2.02;;-34.28;1.43;0.37;28.51;2.49;-1.06;14.67;19.1;4.43;0.43;0.36;5.8;-0.78;1.14;-4.17;-1.08;1.31;0.26;0.74;1.01;25.49;;310374847.41;1.41;-0.06;-39.17;13632832232.96;74.169595534321;100.0%;564.0;Novo Mercado;42.59%;1.0;0.5882352941176471;2024.0;0.6153846153846154;2024.0;-0.021547841751539787;0.07323109941845773;-0.161116697477241;-0.15813315742354994;0.26198374603108077;0.5157845868151525;-0.027426470588231777;0.012687902648531368;
HAPV3;3.55;;-26.13;0.55;0.36;24.41;0.59;-3.8;167.69;202.01;34.32;0.11;0.99;62.86;-0.41;1.05;-2.09;-1.37;-0.36;0.66;0.34;0.36;43.91;;288446013.53;6.51;-0.14;-0.09;26765094583.65;79.327254313276;100.0%;172.0;Novo Mercado;59.1%;1.0;0.7;2024.0;0.5;2024.0;-0.08455441318252932;0.7342680600043865;0.6103870254330481;-0.020944871747065386;0.38342762847712275;0.17756052815797085;-0.19018404907974673;-0.007376298928554292;
BPAC11;37.31;1.69;16.19;3.0;0.34;19.88;23.13;19.91;13.93;13.93;;;3.22;23.23;-3.44;1.02;18.51;2.07;;0.11;0.89;0.1;46.0;33.74;282764620.62;12.46;2.31;0.69;143097778171.23;31.397614027522;100.0%;165.0;Nível 2;31.96%;0.8125;1.0;;1.0;;-0.06128381928731419;-0.003094539687957143;-0.005212649683518311;-0.013119647494556408;;;-0.0012731384538070545;-19.06886517938153;2020.0
ELET3;44.46;0.5;32.04;0.91;0.37;49.99;39.25;9.09;7.42;10.34;2.83;0.35;2.91;3.78;-0.47;1.88;2.83;1.16;7.24;0.41;0.59;0.13;2.97;;272919569.79;49.03;1.39;-1.01;103850860353.36;29.732795225686;80.0%;203.0;Nível 1;99.24%;1.0;0.6875;2017.0;0.6428571428571429;2017.0;-0.022555037813440038;0.10080134419024156;0.12590043909954574;0.005565784471758706;0.0019580022701477517;0.09462949101797968;0.006658277085002329;0.0030574062243309275;
RAIL3;23.35;0.28;45.01;2.72;0.88;36.76;35.38;9.13;11.61;14.86;3.25;0.76;4.11;7.61;-1.14;1.99;6.04;1.95;10.08;0.32;0.67;0.21;10.6;;259392312.94;8.59;0.52;-0.05;43311189959.15;25.822823427915;100.0%;106.0;Novo Mercado;65.54%;1.0;0.6875;2017.0;0.6428571428571429;2017.0;-0.009605392987235506;0.2500622723534345;0.25690437517047826;0.034887538075316415;-0.02245836159469583;-0.6236957581667352;-0.007890481836799745;0.028047033994122783;
EQTL3;34.27;1.02;21.12;2.01;0.4;30.07;19.86;4.94;5.26;10.06;4.8;1.83;1.04;10.36;-0.52;1.19;9.51;1.88;10.16;0.2;0.77;0.38;24.5;13.29;257245419.68;17.06;1.62;-1.04;39311397911.19;21.822156752965;100.0%;86.0;Novo Mercado;95.94%;1.0;1.0;;1.0;;-0.006364961387212986;-0.004667810006710793;0.020732887008050316;0.00944281105816347;0.04744749784529789;0.02503868319347613;0.014357302822679552;-0.00454491659233669;
ABEV3;12.85;5.68;13.42;2.24;1.47;50.3;22.59;18.29;10.87;10.12;-0.75;-0.15;2.46;54.61;-2.02;1.11;16.71;10.94;18.63;0.65;0.34;0.6;10.72;15.72;250732797.74;5.73;0.96;0.89;202436757699.4;18.953382639405;80.0%;319.0;;27.89%;1.0;1.0;;1.0;;-0.03656523969725667;-0.04609056142944612;0.026812895716481933;0.05945652885434716;0.1576698476000138;0.21489810190679148;-0.02632300520976605;0.03159368251894912;
LREN3;14.75;4.84;15.26;1.45;0.71;60.17;6.85;6.95;15.48;14.27;-1.21;-0.11;1.06;2.96;-1.72;1.7;9.54;4.67;6.78;0.49;0.51;0.67;12.26;4.91;228796911.44;10.14;0.97;-0.64;14207598146.75;46.44912137196;100.0%;216.0;Novo Mercado;98.7%;1.0;1.0;;1.0;;0.005879172807073507;-0.0020852592654848623;-0.3938549201459689;-0.02618558683609462;0.6489955357144079;0.1549575533304519;-0.00884157343919012;0.0038427561837464097;
SBSP3;81.44;1.57;18.68;1.88;0.94;35.05;21.66;12.29;10.6;13.66;3.05;0.54;2.3;-4445.38;-1.07;1.0;10.07;5.05;8.62;0.5;0.5;0.41;8.59;3.41;207282214.53;43.3;4.36;-8.49;55665043731.36;26.302522664771;100.0%;145.0;Novo Mercado;49.74%;1.0;1.0;;1.0;;-0.009981559668242324;-0.012143089028705423;0.026154797336481295;0.041137536879434666;-0.024181407602557825;0.005281576570765001;-0.010696469685342214;0.015709185865860897;
MRVE3;7.61;;-16.58;0.62;0.18;21.73;1.16;-3.61;51.61;135.43;83.82;1.01;0.6;0.8;-0.32;1.99;-3.76;-1.07;0.34;0.28;0.68;0.3;6.86;;207054169.26;12.19;-0.46;0.1;4283110966.31;56.545075380022;100.0%;237.0;Novo Mercado;54.25%;1.0;0.8235294117647058;2024.0;0.7857142857142857;2024.0;-0.031281200446351964;-8.325892857129462;-0.5711053113807696;0.028679512784188343;0.05543501844217502;0.08416464665298773;0.020662006578948455;-0.02464114407005591;
RADL3;25.62;0.76;40.78;7.69;2.27;29.98;6.28;3.28;21.32;22.52;1.2;0.43;1.34;12.16;-5.46;1.47;18.86;5.57;21.88;0.3;0.7;1.7;17.08;16.12;199264434.76;3.33;0.63;1.81;44015344464.0;23.087780714443;100.0%;80.0;Novo Mercado;70.65%;1.0;1.0;;1.0;;0.013141287400696644;-0.009169470786173695;0.01652801819822014;-0.1364748604806364;0.10042432814711022;0.11952485840153337;0.03707107843136859;-0.040989801359536226;
GGBR4;21.4;7.52;4.62;0.74;0.49;17.5;16.69;11.27;3.12;3.51;0.45;0.11;0.52;1.85;-0.83;2.93;16.07;10.64;15.45;0.66;0.34;0.94;17.42;;198907679.0;28.8;4.63;-0.11;36778513644.46;27.574183469646;100.0%;291.0;Nível 1;63.01%;1.0;0.8125;2017.0;0.7857142857142857;2017.0;0.02088474295539333;0.06786360247162282;0.08176643856352639;-0.014308282066020084;-0.16018174308136002;0.935888122048667;-0.022414109865879994;-0.0014828155485516747;
AZUL4;12.36;;-12.8;-0.73;0.8;21.1;12.33;-6.75;7.0;13.2;11.28;;0.86;-1.92;-1.14;0.42;-5.74;-6.23;42.22;-1.09;2.09;0.92;15.41;;197050798.06;-16.83;-0.97;0.28;4302936200.12;77.019843336165;100.0%;132.0;Nível 2;50.15%;1.0;0.18181818181818182;2024.0;0.14285714285714285;2024.0;0.018466602952107003;0.0677596147002153;-0.13094534455184192;0.14615314732641038;-12.616402116433651;0.10644983552182197;0.07075647668393059;-0.06866310160427846;
ITSA4;10.86;5.38;8.12;1.41;1.09;33.55;205.76;186.19;7.35;7.55;0.19;0.04;15.13;22.52;-1.24;1.65;17.31;13.43;15.74;0.78;0.18;0.07;11.3;11.13;195821479.85;7.72;1.34;-1.78;112341167932.81;19.262265612907;80.0%;181.0;Nível 1;62.5%;1.0;1.0;;1.0;;-0.024787269311524862;0.03678964867845824;0.015356248543295425;0.014599015208015764;0.24186600869854513;0.009674134419551228;1.1677631578945769;0.9694142654698956;
CIEL3;5.31;5.34;7.46;1.21;0.15;46.49;32.18;18.27;4.24;5.87;1.63;0.46;1.36;1.16;-1.29;1.17;16.16;2.0;12.1;0.12;0.85;0.11;-1.62;-13.77;186093008.44;4.41;0.71;0.21;14426287973.91;35.382087465291;100.0%;130.0;Novo Mercado;40.32%;1.0;1.0;;1.0;;-0.07372058241064305;-0.26379575656285836;1.7978178852144096;0.006484762271737887;0.07463358962037692;0.0646557829874772;0.013860716700472953;-0.009514925373134697;
SUZB3;53.87;2.16;4.12;1.68;0.5;42.65;37.39;38.93;4.29;7.85;3.55;1.39;1.61;2.85;-0.68;2.82;40.79;12.03;9.58;0.29;0.7;0.31;36.49;56.62;183539313.65;32.02;13.06;-0.63;70252815920.05;24.645000814342;100.0%;279.0;Novo Mercado;55.73%;1.0;0.625;2020.0;0.5714285714285714;2020.0;0.034698411499637594;0.07095061960586246;0.10690699495410283;0.032414625658253815;0.059751379318238707;-0.047089653933115816;0.022496865484499917;0.01734470832372592;
WEGE3;34.27;1.13;28.94;8.92;4.78;31.56;18.8;15.7;24.17;23.69;-0.48;-0.18;4.54;14.95;-15.42;1.86;30.82;16.52;25.44;0.54;0.45;1.05;25.71;34.19;181915357.76;3.84;1.18;0.72;143842087791.46;24.472950936171;100.0%;207.0;Novo Mercado;35.3%;1.0;1.0;;1.0;;-0.004949926421137785;0.014560059183646334;0.0026206317446131333;-0.07230747046317065;0.0881220379146983;0.08856382978723154;-0.01893083182640065;-0.010974956148899428;
BBSE3;33.11;8.66;8.65;6.21;4.08;;;;7.63;7.63;;;;38.28;-5.67;1.61;71.8;47.15;;0.66;0.34;0.0;;13.59;176552907.68;5.33;3.83;0.24;66220000000.0;18.606257496294;100.0%;176.0;Novo Mercado;33.58%;;;;1.0;;;;0.05422151626459826;0.021900211657491786;;;0.033615901783101254;-0.03261557948067495;
RRRP3;29.18;;-190.7;1.35;0.36;31.72;14.54;-0.87;11.44;24.1;12.66;1.5;1.66;121.69;-0.42;1.02;-0.71;-0.19;3.11;0.27;0.73;0.22;118.19;;174932764.35;21.57;-0.15;1.63;7014394907.0;47.471468003025;100.0%;0.0;Novo Mercado;82.65%;1.0;0.125;2024.0;0.2;2024.0;-0.1422919843461924;1.045710531255819;0.9151911726971262;0.10405003557668602;0.24610106051147373;0.18891753284151225;0.06174012158055597;-0.3971291866028731;
VBBR3;24.89;1.72;14.25;2.14;0.71;4.58;2.47;1.24;7.14;9.5;2.36;0.71;0.18;2.29;-1.55;2.31;15.01;4.97;11.75;0.33;0.67;4.01;16.5;12.07;174497248.18;11.64;1.75;7.29;28996850000.0;33.744313567846;100.0%;131.0;Novo Mercado;95.66%;1.0;0.8181818181818182;2016.0;1.0;;-0.08936728226423785;0.06639822830682518;-0.12128622527194877;0.05458670077826566;-0.03483691880638351;0.5598261926738044;0.0037062457103640423;0.024006029771999948;
ARZZ3;60.37;3.2;17.42;2.32;1.19;53.6;11.5;8.13;12.31;13.13;0.82;0.16;1.42;13.12;-2.27;1.23;13.3;6.83;13.38;0.51;0.48;0.84;25.49;20.02;169634676.88;26.05;3.47;-1.16;6700418366.22;43.652907861112;100.0%;92.0;Novo Mercado;54.74%;1.0;1.0;;1.0;;0.01763440147848394;-0.03630452903584058;0.06272028148268194;0.07454710315948931;0.3184659090908226;0.21774002370610512;0.02263315947526867;-0.1075043809916435;
ENGI11;50.96;4.91;13.82;1.94;0.36;27.18;21.15;6.23;4.07;8.51;4.44;2.11;0.86;-62.22;-0.47;0.98;14.02;2.59;11.08;0.18;0.77;0.42;14.21;24.77;161684502.53;26.31;3.69;-0.55;23333816165.3;26.878691487614;100.0%;44.0;Nível 2;54.3%;1.0;1.0;;1.0;;-0.027878530344653596;-0.04310432348548021;0.07319679616384889;0.06819948030208645;0.030752340581262416;0.011660819765523023;0.010705467372134514;-0.016467304625199852;
NTCO3;16.75;;4.89;0.83;0.46;64.98;-0.93;14.39;-75.97;-74.13;1.84;-0.02;0.7;2.96;-0.7;1.82;16.95;9.39;-3.13;0.55;0.45;0.65;29.83;47.94;160566297.24;20.21;3.43;-0.01;23229705105.5;46.704320206354;100.0%;142.0;Novo Mercado;60.49%;1.0;0.8823529411764706;2022.0;0.6666666666666666;2022.0;-0.00514688123373086;-0.37661684392069317;0.2550448438728117;0.12023599009342378;-0.00485555338668664;-0.012201409176832767;-0.012947269303201114;-0.003986664079451252;
ASAI3;13.99;0.36;20.03;4.37;0.46;16.45;5.04;1.53;6.06;9.16;3.1;2.24;0.31;-5.54;-0.67;0.79;21.83;2.28;16.55;0.1;0.9;1.5;;;150228524.21;3.2;0.7;-0.49;18912146468.0;45.857002700718;100.0%;84.0;Novo Mercado;69.23%;1.0;1.0;;1.0;;-0.004329932761419131;-0.40445969125221015;-0.27404513608628667;0.1103278162557062;0.07043999999999784;0.07170754569599835;0.023987698616095177;-0.039525222551930694;
UGPA3;30.53;1.15;15.74;2.68;0.94;6.77;3.25;1.68;8.15;9.98;1.83;0.6;0.26;4.21;-1.85;1.81;17.03;5.94;12.14;0.35;0.64;3.53;12.42;6.56;137902262.44;11.39;1.94;0.27;34047437319.7;27.516045841178;100.0%;121.0;Novo Mercado;97.4%;1.0;1.0;;1.0;;-0.017497234853141808;-0.02155301892459871;-0.021477032883877367;-0.0005190288897725104;0.0349666262135897;0.038137552854119905;0.011671792004472437;-0.003745999418097279;
CMIG4;12.01;8.24;3.96;1.08;0.47;24.73;21.11;18.52;3.47;4.85;1.04;0.32;0.73;8.25;-0.63;1.3;27.35;11.9;17.7;0.43;0.56;0.64;9.68;46.18;131585570.18;11.1;3.04;13.55;28977136265.68;23.98979971029;--;100.0;Nível 1;81.9%;1.0;1.0;;1.0;;-0.06469429755495748;-0.03440552838279287;-0.04489540062464581;-0.024741139544748103;-0.08249549697068326;-0.032406303374043266;-0.007807448209795065;0.021560574948664257;
CPLE6;10.41;3.21;15.52;1.34;0.56;21.02;13.52;9.07;10.41;13.24;3.21;0.41;1.41;7.19;-0.73;1.48;8.61;3.59;7.22;0.42;0.58;0.4;9.35;14.12;126199589.47;7.8;0.67;0.12;29899693364.18;21.813613628986;100.0%;93.0;Nível 2;63.24%;1.0;1.0;;1.0;;-0.022435291894951637;-0.020442489956704946;-0.03611102150174195;-0.14049655192511912;0.05839322381929635;0.055571362060932605;0.026063319475535307;-0.03117882500137159;
USIM5;10.33;3.18;-35.69;0.55;0.32;8.47;-2.09;-1.27;-21.7;-22.17;-0.58;0.01;0.45;0.97;-0.61;3.43;-1.55;-0.9;-2.06;0.58;0.35;0.71;24.78;;125728034.85;18.71;-0.29;0.33;12873781117.24;30.005739611503;--;215.0;Nível 1;53.96%;1.0;0.625;2024.0;0.5714285714285714;2024.0;0.023507053236646813;0.0632747306165371;0.1309275305179738;-0.008161700423294449;-0.17931034482761465;0.06370056497175192;-0.008748291349345405;0.022008073967969777;
CSNA3;18.0;10.89;-27.11;1.34;0.27;25.98;10.23;-1.98;5.24;11.19;5.95;1.53;0.54;2.16;-0.42;1.53;-4.96;-1.0;7.11;0.2;0.77;0.5;19.08;;120703639.74;13.39;-0.66;0.2;23869691046.0;40.600230767358;--;230.0;;44.47%;1.0;0.625;2024.0;0.5714285714285714;2024.0;-0.012347331776541348;-0.19258584166708248;0.05831190880534565;0.06133834740112665;-0.00214255409418751;-0.02320973676762028;-0.006491380140615122;-0.11755030185560389;
EMBR3;22.77;;-412.82;1.32;0.32;18.0;4.64;-0.15;13.55;18.71;5.16;0.5;0.63;1.45;-0.75;1.65;-0.32;-0.08;3.22;0.24;0.73;0.51;4.54;;120628936.59;17.23;-0.06;4.29;16860389051.88;31.568054551472;100.0%;81.0;Novo Mercado;99.21%;1.0;0.5625;2024.0;0.5;2024.0;-0.023826082092684997;0.13479791453143553;0.12479759364270215;0.03478536907974972;0.10103005503035534;0.07450218552693744;0.007342836632141525;-0.018214921508340032;
SOMA3;7.13;1.42;18.31;0.73;0.52;56.57;8.12;5.86;13.2;15.92;2.72;0.15;1.07;3.85;-0.76;1.76;4.0;2.84;3.69;0.71;0.29;0.49;36.69;30.81;119697221.12;9.73;0.39;-27.58;5595248769.49;53.344633405484;100.0%;94.0;Novo Mercado;62.53%;1.0;0.875;2020.0;0.8;2020.0;-0.025179237659677;-0.030266343825669284;0.21396834212716676;0.12361782101293106;-2.8750000000001332;0.05441996283515249;-0.2775041050903283;0.02373100930396932;
CYRE3;22.53;3.75;9.98;1.16;0.53;32.09;17.55;15.25;8.68;10.87;2.19;0.29;1.52;1.55;-1.1;2.93;11.59;5.3;6.62;0.46;0.5;0.35;15.15;;118894976.15;19.47;2.26;0.98;9006205261.47;37.317849059733;100.0%;122.0;Novo Mercado;68.58%;1.0;0.8823529411764706;2018.0;0.8571428571428571;2018.0;-0.0039457438565768665;0.027759640149453313;0.04767617841614169;0.028226305234972937;-0.14639905548996135;0.01877474409731561;-0.022891963109357483;0.02101487613593811;
JBSS3;22.22;4.5;40.86;1.17;0.23;-5.62;-5.15;0.33;-2.65;-6.98;-4.33;1.92;0.14;1.39;-0.38;1.7;2.87;0.56;-15.01;0.2;0.79;1.68;18.1;17.69;117750417.94;18.92;0.54;-0.44;49286545741.4;31.110112901789;100.0%;157.0;Novo Mercado;51.17%;0.8823529411764706;0.8823529411764706;2011.0;0.9285714285714286;2011.0;-0.09628423402409925;0.05923891722245456;0.08138381866666666;0.057453183276357844;0.04176091660110681;0.5580897956454824;0.01970707311264519;-0.0039812100213220125;2024.0
CSAN3;18.77;2.28;-76.13;1.9;0.26;26.67;30.14;-1.14;2.87;6.72;3.85;2.55;0.87;3.27;-0.32;1.62;-2.5;-0.34;10.29;0.13;0.65;0.29;38.95;;116497502.38;9.86;-0.25;0.59;35176311393.64;29.234615484563;100.0%;136.0;Novo Mercado;62.49%;1.0;0.875;2024.0;0.8571428571428571;2024.0;0.019079029766625233;-0.01070815636647604;-0.1269148157764287;-0.082627136710136;0.05598763842388421;0.007301118379405391;0.005048238725599674;-0.03932656235702603;
TOTS3;31.05;1.42;25.06;4.07;2.19;70.36;17.31;18.09;26.19;24.35;-1.84;-0.29;4.53;7.51;-3.91;2.97;16.23;8.73;8.68;0.54;0.43;0.48;11.23;52.41;111461573.71;7.64;1.24;0.4;19163537770.05;31.603440877438;100.0%;64.0;Novo Mercado;83.3%;1.0;1.0;;1.0;;0.0035696109644811624;0.008524262131066385;-0.033920103043819316;0.019296159581430716;0.11384479717813933;0.10478863232681634;-0.005237789203084708;0.0028096291825918662;
TIMS3;17.61;5.16;18.59;1.67;0.76;51.02;17.14;9.81;10.64;10.73;0.1;0.02;1.82;-14.79;-0.94;0.79;8.97;4.1;12.16;0.46;0.54;0.42;5.81;13.18;107302023.0;10.56;0.95;2.75;42630365448.78;20.552126808202;100.0%;30.0;Novo Mercado;33.4%;1.0;1.0;;1.0;;0.0066029570663077575;0.03316133202567961;-0.07247556448590498;0.06163729853304023;-0.033626508488446616;-0.5735995232421502;-0.012276785714287253;-0.024484102342575587;
VIVT3;52.93;3.89;17.95;1.26;0.73;42.85;14.76;9.61;11.69;13.46;1.76;0.19;1.73;-53.26;-0.87;0.92;7.03;4.06;7.74;0.58;0.42;0.42;2.14;1.12;104936691.91;41.92;2.95;-1.64;87471501894.8;18.844243905625;80.0%;85.0;;25.6%;1.0;1.0;;1.0;;-0.002259645793801779;-0.02625935782802491;-0.08871555485115346;-0.03606287653964668;0.043321299638993116;0.061920475619075876;-0.004900644468314064;-0.009366376565484225;
ALOS3;23.98;2.16;4.39;0.94;0.49;96.37;264.05;140.12;2.33;2.05;-0.28;-0.11;6.15;13.42;-0.55;1.58;21.32;11.2;27.21;0.53;0.43;0.08;25.65;86.64;104895829.97;25.62;5.46;0.0;13763007077.82;27.618838149037;100.0%;100.0;Novo Mercado;92.76%;1.0;1.0;;1.0;;0.003430628537613556;-0.0135495894826968;0.020527437298335283;-0.008904476094582892;0.1518551236749206;0.10323102260819628;0.017868338557993635;0.028991763421647887;
BRFS3;13.91;;-6.34;1.66;0.4;14.97;-0.74;-6.84;-58.31;-85.52;-27.2;0.77;0.43;3.69;-0.76;1.29;-26.15;-6.23;-1.23;0.24;0.75;0.91;13.7;;100717434.5;8.39;-2.19;-0.04;23403202851.86;56.265827683216;100.0%;226.0;Novo Mercado;63.98%;1.0;0.625;2024.0;0.5714285714285714;2024.0;-0.036882295095979734;0.13281002638524275;0.14272315946702596;-0.0978435042593091;0.052337615988591324;0.1094085970436025;0.026784792705997873;-0.027320168144257084;
RDOR3;25.83;1.43;34.65;2.6;0.62;17.33;10.55;4.21;13.81;14.29;0.48;0.09;1.46;2.1;-1.16;2.7;7.49;1.78;6.86;0.24;0.75;0.42;;;99297997.82;9.95;0.75;1.42;59132427599.7;39.604497738148;100.0%;76.0;Novo Mercado;47.84%;1.0;1.0;;1.0;;-0.07849633901912567;-0.2756036636136604;0.1265960875709895;0.0894190040068763;1.8538011695908865;-1.6183889340931774;-0.0033865505563611675;-0.10577800965176642;
HYPE3;32.72;4.06;11.72;1.82;0.85;63.15;32.88;21.6;7.7;10.53;2.83;0.67;2.53;5.43;-1.28;1.89;15.53;7.29;12.12;0.47;0.53;0.34;16.61;12.88;95283363.5;17.98;2.79;1.29;20725529328.56;29.333595215155;100.0%;90.0;Novo Mercado;63.28%;1.0;0.9375;2011.0;0.9230769230769231;2011.0;0.00278553969148021;0.04733891343654717;0.07112165398409553;0.0315395461727932;0.05403533079319556;-0.01658818913086324;0.004156889037880918;-0.0036270093326919994;
CRFB3;12.05;1.23;33.08;1.28;0.29;19.28;4.13;0.7;5.58;9.27;3.69;0.85;0.23;-6.52;-0.52;0.91;3.88;0.88;9.16;0.23;0.76;1.26;15.4;-13.64;91179862.56;9.38;0.36;-0.47;25404947652.55;48.03711867938;100.0%;62.0;Novo Mercado;25.08%;1.0;1.0;;1.0;;-0.00740179480500891;-0.040019545565606496;-0.1341564577597968;0.054747366715746315;0.1208156329651735;0.12976511359263254;0.008825357364825148;-0.010087719298246145;
MULT3;26.0;3.83;16.32;2.26;1.44;92.65;74.87;48.73;10.63;11.92;1.3;0.28;7.96;97.87;-1.67;1.12;13.87;8.84;14.14;0.64;0.36;0.18;9.22;20.97;90689191.24;11.49;1.59;0.57;15619782750.0;24.400397876274;100.0%;66.0;Nível 2;44.43%;1.0;1.0;;1.0;;0.003635925729349232;0.023218425509207163;-0.05562118950713457;-0.10001338626795864;0.045933658865126015;0.050901698158339226;0.013070976809557378;-0.06136436289240632;
COGN3;2.5;;-15.69;0.39;0.19;64.83;9.61;-5.26;8.59;19.71;11.13;0.5;0.83;6.05;-0.23;1.21;-2.47;-1.19;2.42;0.48;0.48;0.23;-1.73;;85741708.91;6.44;-0.16;-1.06;4691515525.0;45.143411561068;100.0%;322.0;Novo Mercado;96.75%;1.0;0.5625;2024.0;0.6428571428571429;2024.0;0.031770289795860496;0.16054484382018774;0.2532264896521885;-1.134078177731141;0.08701298701299631;0.06572695931623906;0.036940350877194605;-0.258219178082153;
ENEV3;12.43;;59.36;1.52;0.4;35.96;23.06;3.43;8.82;16.02;7.2;1.24;2.03;11.19;-0.52;1.18;2.56;0.68;5.45;0.26;0.69;0.2;17.63;28.28;82569681.91;8.17;0.21;-0.86;19696234658.54;30.269486545349;100.0%;38.0;Novo Mercado;99.58%;0.8125;0.5625;2016.0;0.6428571428571429;2016.0;0.06282245827009025;0.25679896034674354;0.15069929713860297;0.006183517769729585;-0.09051648157939918;0.11172068830192794;-0.015002586652870131;0.01611724998843922;2013.0
GOAU4;10.05;15.82;3.78;0.58;0.13;17.5;16.6;3.8;0.87;1.25;0.38;0.25;0.14;0.49;-0.23;3.02;15.29;3.54;15.06;0.23;0.33;0.93;17.42;;81000418.79;17.38;2.66;-0.09;10499180026.53;25.679666841247;100.0%;87.0;Nível 1;73.41%;1.0;0.8125;2017.0;0.7857142857142857;2017.0;0.02088474295539333;0.0719591045960688;0.09919953631947442;-0.08223719998082424;-0.1918760195758894;0.6280729897735462;-0.03260910636690273;0.0031937648334261493;
CCRO3;13.58;1.42;29.37;2.16;0.52;42.94;30.38;5.64;5.45;9.95;4.5;1.79;1.66;21.25;-0.66;1.13;7.37;1.77;9.69;0.24;0.75;0.31;12.68;-12.27;80034460.74;6.28;0.46;-0.38;27431600000.0;23.548979569836;100.0%;54.0;Novo Mercado;49.43%;1.0;1.0;;1.0;;-0.015129427567908804;-0.12023922959960653;-0.07036955480896956;0.040045220743317955;0.007271460908932381;0.03564038375273837;0.0019652738027091665;0.032489795918369424;
VIVA3;33.25;1.09;20.51;4.19;2.6;69.55;21.53;18.65;17.77;17.92;0.15;0.04;3.83;6.79;-6.09;3.01;20.4;12.67;19.88;0.62;0.38;0.68;;;78675186.5;7.95;1.62;1.29;7853575819.25;34.035118654208;100.0%;28.0;Novo Mercado;42.01%;1.0;1.0;;1.0;;-0.0015706263856946068;-0.11540084388185601;0.0882177035181444;0.12156780941617407;0.9428571428570733;1.1472140762463292;-0.03235294117647458;0.025174825174826276;
GOLL4;2.77;;83.37;-0.4;0.52;29.03;15.11;0.58;3.18;3.83;3.41;;0.48;-0.85;-0.65;0.25;-0.48;0.62;-23.52;-1.28;2.28;1.07;8.03;41.44;77520774.0;-6.88;0.03;-0.81;1161460772.86;82.542439387715;100.0%;94.0;Nível 2;6.82%;0.9411764705882353;0.35294117647058826;2022.0;0.2857142857142857;2022.0;0.014007507746085945;0.05400139399314807;0.8988818854293541;0.1181530585863122;0.15263411113788994;0.15978877232778288;0.04929386768872157;-0.37616822429908847;2021.0
BRAP4;21.67;13.95;4.02;1.06;1.05;;;;4.14;3.82;-0.24;-0.06;;18.55;-1.13;5.31;26.44;26.09;25.51;0.99;0.01;0.0;;-1.84;74737713.5;20.41;5.4;-0.06;8355575459.06;26.700174649703;80.0%;136.0;Nível 1;71.57%;1.0;1.0;;0.7857142857142857;2019.0;0.04586708899312075;0.12031221963039695;0.08145968111642476;-0.016153924586476354;0.1930909870456059;-588.8073394407994;0.40357734630591424;-0.022244901913920367;
GFSA3;6.47;;-2.06;0.27;0.09;3.46;-23.01;-18.28;-1.64;-7.83;-6.19;1.0;0.38;0.24;-0.28;2.03;-12.88;-4.13;-8.1;0.32;0.68;0.23;7.64;;74268407.91;24.36;-3.14;0.0;448262821.6;102.069936764501;100.0%;97.0;Novo Mercado;70.98%;0.8823529411764706;0.35294117647058826;2024.0;0.21428571428571427;2024.0;-0.15014613581874192;0.050913195156981006;0.029510430539837706;0.06893637280945164;0.014700683478670262;0.05761108398437709;0.003221083455343887;-0.03318769451760051;2017.0
YDUQ3;19.5;1.41;32.05;1.86;0.62;59.29;17.03;3.75;7.05;11.92;4.87;1.29;1.2;6.92;-0.83;1.52;5.81;1.92;9.55;0.33;0.67;0.51;6.2;-15.03;69707135.59;10.48;0.61;-0.06;6027232594.5;60.770909806841;100.0%;99.0;Novo Mercado;95.77%;1.0;0.9411764705882353;2022.0;0.9285714285714286;2022.0;0.03270900764519191;-0.03310478050437149;-0.1767327224712414;0.008399053621771069;0.09268065810126425;0.0960526315789525;0.040380952380961066;-0.08341493268054412;
BEEF3;6.47;8.51;10.76;6.26;0.15;19.88;7.42;1.32;1.92;6.31;4.38;14.28;0.14;0.56;-0.37;1.87;58.14;1.41;9.4;0.02;0.96;1.06;20.68;;68720903.0;1.03;0.6;-0.19;3929123643.29;41.276106086585;100.0%;185.0;Novo Mercado;42.87%;1.0;0.625;2018.0;0.6;2018.0;0.0020011151252221637;0.38846104314237584;0.4878265225843319;0.5770465105907754;0.049354767977293434;-0.015688207374956242;0.012552962298026937;-0.02147541725089297;
KLBN11;21.75;5.58;8.49;2.19;0.47;39.1;24.14;15.48;5.44;10.09;4.65;1.87;1.31;3.35;-0.64;2.16;25.81;5.57;8.05;0.22;0.74;0.36;19.06;40.17;68025082.21;9.93;2.56;-0.22;24437833488.6;22.043036522842;100.0%;147.0;Nível 2;63.48%;1.0;0.875;2020.0;0.8571428571428571;2020.0;0.012960918373643437;0.022692143568350698;0.035177948155474814;-0.6715641851699308;0.05764936383164265;-0.6223531450356801;0.01793540438264518;0.00053349466505348;
CPFE3;36.27;9.23;7.79;2.3;0.57;33.17;28.29;13.44;3.7;5.42;1.72;1.07;1.05;-13.63;-0.74;0.85;29.54;7.28;19.86;0.25;0.74;0.54;8.03;35.39;65692560.71;15.77;4.66;1.26;41792268538.8;21.427098461308;100.0%;50.0;Novo Mercado;16.29%;1.0;1.0;;1.0;;-0.003407066061042574;0.013068810894596439;0.061594787603213685;0.03172705884227822;-0.025676386372927684;-0.05674426375584707;0.005779214418649703;-0.01682354479197179;
IRBR3;41.84;;91.48;0.83;0.16;-1.79;-8.51;0.58;-6.24;-6.24;;;0.53;-1.29;-0.41;0.83;0.9;0.17;;0.19;0.81;0.3;8.26;-47.29;63715351.68;50.69;0.46;-0.88;3441884422.08;54.289785773026;100.0%;227.0;Novo Mercado;99.48%;0.5454545454545454;0.7272727272727273;2022.0;0.5714285714285714;2022.0;0.24951701782822489;0.3813409535904675;0.7414219601473699;0.17031775821604156;;;0.008185840707965353;-0.007472527472528356;2024.0
EGIE3;41.39;7.01;10.02;4.0;0.86;53.44;56.36;30.27;5.38;7.73;2.35;1.75;3.03;65.33;-1.02;1.09;39.97;8.56;19.59;0.21;0.76;0.28;11.18;10.97;63308198.0;10.34;4.13;0.12;33771249158.6;16.394560359465;100.0%;95.0;Novo Mercado;31.28%;1.0;1.0;;1.0;;-0.01097830515602849;-0.021340667090381515;0.03871115127898217;0.004864281439591167;0.057204803202130616;0.04308745070749809;0.020287958115182914;0.016253673984183425;
CXSE3;14.13;7.15;12.01;3.32;3.29;;;;10.81;10.33;-0.48;-0.15;;22.18;-3.91;17.58;27.65;27.4;26.4;0.99;0.01;0.0;;22.12;63238613.26;4.25;1.18;0.31;42390000000.0;19.707277152951;100.0%;25.0;Novo Mercado;17.25%;;;;1.0;;;;0.14409190026227625;0.06513520366998216;0.06498194945847646;0.07651475919211825;-0.20454545454542972;0.1171915968790278;
SMTO3;26.27;4.73;7.62;1.57;0.49;30.78;37.91;19.59;3.94;6.73;2.79;1.11;1.49;3.03;-0.71;2.17;20.63;6.48;13.31;0.31;0.69;0.33;14.04;19.93;62503388.03;16.7;3.45;-0.76;9299877612.83;32.412178271959;100.0%;62.0;Novo Mercado;40.48%;1.0;1.0;;1.0;;0.013320278094082427;0.0434797468084096;0.05682510661309004;-0.03542995452447362;0.04728584310188966;-0.0791975577845635;0.015040860659975452;0.0346730097927177;
CVCB3;3.32;;-3.64;4.0;0.43;100.0;-7.43;-37.97;-18.61;-22.77;-4.16;0.9;1.38;-4.22;-0.96;0.84;-109.8;-11.9;-7.9;0.11;0.89;0.31;0.61;;61731248.32;0.83;-0.91;3.73;1744962442.04;76.359652623013;100.0%;160.0;Novo Mercado;52.51%;1.0;0.6666666666666666;2024.0;0.5454545454545454;2024.0;-0.0027913209361478675;0.10973614014641075;0.16356681967580267;-0.5662671814016925;0.11860386425546743;0.08819809114952415;0.0032813125250104047;-0.027872535152673072;
IGTI11;23.47;1.56;34.43;2.31;1.32;61.96;51.62;24.53;16.36;13.72;3.14;0.44;8.44;16.36;-1.64;1.71;6.7;3.83;8.12;0.57;0.43;0.16;7.95;28.92;61356670.35;10.17;0.68;0.02;6198638934.1;26.060124509715;100.0%;45.0;Nível 1;55.61%;1.0;0.875;2015.0;1.0;;0.013458477150728676;0.0768207836564283;2.5312195452083897;46.69545526204294;1.7824351297409442;-0.03983258529063327;-0.042563917897010195;-0.40832402234636067;
RECV3;23.61;4.19;7.44;1.56;1.0;37.04;31.28;32.08;7.63;7.85;0.22;0.04;2.39;50.53;-1.23;1.12;21.02;13.47;16.17;0.64;0.36;0.42;;;60627242.09;15.1;3.17;0.53;6925713154.86;47.079861190122;100.0%;24.0;Novo Mercado;94.36%;1.0;0.8571428571428571;2020.0;1.0;;0.03104667609617051;0.10914259271498739;0.17698538037484735;0.15119136373308217;1.5454545454535338;1.2909460834181887;0.01782820097244664;-0.014511447920026455;
SANB11;29.36;5.49;11.77;0.97;0.1;16.51;6.05;9.32;18.14;18.14;;;1.1;;-0.1;;8.25;0.83;;0.1;0.9;0.09;10.04;0.94;60504676.91;30.24;2.49;-0.29;110078435828.68;22.494510543037;100.0%;69.0;;9.86%;1.0;1.0;;1.0;;-0.02985570568366025;0.007603784055176144;0.07250797426928846;0.07537465249477115;;;0.0068325348432072275;0.2857142857142858;
BRKM5;19.4;;-3.28;3.08;0.17;2.65;-4.95;-6.47;-4.29;-10.94;-6.61;4.75;0.21;1.18;-0.28;1.54;-93.87;-5.12;-11.04;0.05;0.95;0.79;14.4;;60363083.35;6.3;-5.91;0.01;15610365948.24;51.76554330087;100.0%;193.0;Nível 1;34.95%;1.0;0.5;2024.0;0.42857142857142855;2024.0;-0.015239916442358004;0.17158337621455888;0.2210371450877544;-0.05541066156253882;0.03924343754223525;0.073399036110815;0.015367711690597918;0.026902242697313117;
LWSA3;5.54;0.95;-373.39;1.13;0.74;45.45;5.86;-0.71;45.17;31.01;-14.17;-0.35;2.65;5.63;-1.27;1.45;-0.3;-0.2;2.34;0.65;0.35;0.28;31.17;;57701075.41;4.89;-0.01;1.02;3306751088.12;59.189464224636;100.0%;86.0;Novo Mercado;72.17%;1.0;0.5555555555555556;2024.0;0.4;2024.0;0.00904759120673404;-0.7422680412371678;0.9210672595888729;-0.02054162338011456;0.3502587322122077;0.12030980596077412;-0.2737711522965416;0.08434214718061894;
POMO4;8.28;4.01;9.84;2.33;1.03;21.68;11.16;12.41;10.94;11.49;1.44;0.31;1.22;3.17;-2.61;2.16;23.64;10.46;10.28;0.44;0.55;0.84;13.49;61.66;56721640.15;3.56;0.84;0.05;7198016664.24;35.378409056314;80.0%;17.0;Nível 2;76.23%;1.0;1.0;;1.0;;-0.013279370952821945;0.014273072505216478;0.01186914778630066;0.022742958912364664;-0.17979002624674978;0.003335252302762992;-0.019124168514408346;0.0015602979665794159;
AURE3;12.93;23.2;6.38;0.93;0.41;21.1;24.36;34.01;8.9;9.8;0.9;0.09;2.17;3.47;-0.55;1.92;14.52;6.5;0.61;0.45;0.55;0.19;;;56321740.26;13.96;2.03;0.01;12930000000.0;15.543699013247;100.0%;24.0;Novo Mercado;30.2%;1.0;1.0;;1.0;;-0.2178473177441722;0.1191632717016653;-0.1683462229513445;-0.046943820415427995;14.749999999996447;-1.1957142857141925;0.001831501831501603;0.09463562753037036;
PETZ3;3.77;0.28;54.43;0.97;0.44;46.61;4.46;1.02;12.46;12.35;-0.11;-0.01;0.56;2.69;-0.67;1.9;1.78;0.81;5.4;0.45;0.55;0.79;36.54;22.89;54783446.29;3.9;0.07;-1.16;1743713602.54;55.499866534119;100.0%;223.0;Novo Mercado;72.62%;1.0;1.0;;1.0;;0.004476677631825465;-0.1878691141261215;-0.46377295492488146;0.11050250437017461;0.7031249999997835;0.3778511404561695;-0.0570054945054872;0.03661681279009765;
TAEE11;35.43;6.33;10.67;1.83;0.63;68.87;71.85;44.57;6.62;11.17;4.55;1.26;4.75;4.58;-0.8;2.71;17.2;5.89;10.64;0.34;0.66;0.13;19.43;12.03;53767707.79;19.31;3.32;-0.28;12205596275.01;14.240942359895;100.0%;133.0;Nível 2;63.45%;1.0;1.0;;1.0;;-0.017836788478470922;0.0031022586348770087;-0.0023942968415051613;-0.036037903338180244;0.027664162038550932;0.026426005059847046;0.014113969704251161;0.021995860888663232;
BOAS3;7.95;;15.22;1.83;1.7;56.53;19.25;32.39;25.6;18.69;-6.92;-0.5;4.93;3.34;-3.8;12.37;12.04;11.16;4.65;0.93;0.07;0.34;8.81;74.34;53310276.5;4.34;0.52;5.59;4212250617.75;12.114102136909;100.0%;0.0;;100.2%;1.0;0.8888888888888888;2016.0;1.0;;0.06041746457296826;0.13722258575458324;0.16967509025272287;0.03799506351757587;0.22497855304551995;-0.4737255586591286;-1.4166666666669756;0.13525642272313476;
SLCE3;20.0;6.77;7.71;1.71;0.54;31.62;24.57;11.95;3.75;5.19;1.45;0.66;0.92;2.25;-1.03;1.97;22.13;6.95;18.45;0.31;0.67;0.58;34.0;26.41;52905992.53;11.72;2.59;-0.56;8866594320.0;26.02275334537;100.0%;66.0;Novo Mercado;22.99%;1.0;1.0;;1.0;;0.023202994932630894;0.053796985121383534;0.06995055852446841;-0.03707585048162887;0.04820352061732125;-0.44018235793044114;0.028790296840092156;0.013945246744039297;
MRFG3;8.68;;-3.74;1.32;0.06;10.02;0.14;-1.59;42.33;210.55;168.23;5.25;0.06;0.84;-0.1;1.22;-35.29;-1.61;-0.53;0.05;0.8;1.02;66.77;;52503763.53;6.58;-2.32;0.03;8089760000.0;40.77222201633;100.0%;214.0;Novo Mercado;33.98%;1.0;0.4375;2024.0;0.35714285714285715;2024.0;-0.0045625927897148255;0.1730269413629162;0.1270754757821102;-0.02885486039136309;0.050177731926067226;0.08549248237199691;0.004024822176039056;-0.02649041987368328;
VAMO3;8.54;3.94;14.6;1.93;0.49;44.4;34.31;10.72;4.56;8.8;4.23;1.79;1.57;3.32;-0.69;2.03;13.24;3.36;13.27;0.25;0.75;0.31;64.03;51.58;51284212.88;4.42;0.58;0.69;9430931819.26;47.588508814477;100.0%;69.0;Novo Mercado;28.5%;1.0;1.0;;1.0;;0.0005535660588831259;-0.10151327632763796;0.0720959575793434;0.12870098778581696;-0.03952715182858191;0.010535382984363295;1.577215657312169;0.10160943243969234;
TRPL4;26.81;8.22;7.48;0.98;0.5;59.76;62.57;41.02;4.9;7.24;2.0;0.4;3.07;6.37;-0.6;1.9;13.14;6.72;11.65;0.51;0.47;0.16;15.07;11.59;49846920.21;27.28;3.59;-0.88;18874389343.32;21.142509041217;--;44.0;Nível 1;64.18%;1.0;1.0;;1.0;;0.007874236937899237;0.03552871857260054;-0.03302359958460421;-0.03364042890789809;0.004181913225301592;0.040696272217261686;0.022119226466356334;0.022163496778680125;
SMFT3;24.96;1.41;32.37;3.1;1.11;40.84;32.69;21.35;21.14;22.15;1.01;0.15;6.91;13.27;-1.5;1.47;9.59;3.43;7.57;0.36;0.64;0.16;31.49;;49776394.56;8.04;0.77;-0.12;14632607533.44;41.238424292495;--;9.0;Novo Mercado;44.15%;0.9;0.3;2022.0;0.42857142857142855;2022.0;0.009915904144872423;-4.859442060086218;-0.03147383837038431;2.253392032272481;1.71839080459683;-11.54166666670629;-0.013988010276908325;0.04821248741187767;2020.0
CMIN3;6.18;11.29;11.0;2.96;1.14;46.73;30.79;17.76;6.35;5.94;-0.41;-0.19;1.95;3.8;-2.1;2.96;26.92;10.4;22.14;0.39;0.61;0.59;19.26;28.57;49012626.88;2.09;0.56;1.02;33899394018.84;35.259225356775;100.0%;65.0;Nível 2;20.25%;1.0;1.0;;1.0;;-0.016958313627456034;0.0015986838020736194;-0.385253290066787;-0.06207540760869312;0.1942405420666129;0.265343431705354;0.06568364611260913;0.09450164658802307;
TEND3;11.14;;-31.39;2.03;0.33;20.36;3.26;-6.71;64.64;100.35;35.71;1.12;2.11;6.94;-0.57;1.12;-6.46;-1.05;0.49;0.16;0.84;0.16;-17.27;;45607790.5;5.5;-0.35;0.34;1371269900.44;65.234959239644;100.0%;21.0;Novo Mercado;77.72%;0.9411764705882353;0.47058823529411764;2024.0;0.42857142857142855;2024.0;0.02629120964123799;0.6746028546086096;0.1681292870370763;0.047006557377965885;0.08427657480314488;0.08531622883917911;0.036781250000002874;-0.08157763769078064;2011.0
PSSA3;26.28;5.37;7.82;1.43;0.31;100.0;7.28;6.95;7.47;2.43;-5.03;-0.97;0.54;5.51;-0.92;1.09;18.33;3.97;11.13;0.22;0.78;0.57;10.41;14.57;43117581.32;18.34;3.36;0.08;16992281656.8;21.368752638802;100.0%;26.0;Novo Mercado;27.8%;1.0;1.0;;1.0;;0.0;0.005995549155647595;0.015344664045840117;0.00932625187498548;-0.0667752442996763;-0.5641558585522413;0.0068454613653419205;-0.007771348810011958;
FLRY3;15.88;2.74;23.27;1.68;0.75;27.02;14.26;6.35;10.36;14.06;3.7;0.6;1.48;9.44;-1.0;1.48;7.21;3.24;7.99;0.45;0.55;0.51;13.37;3.1;42726440.5;9.46;0.68;3.15;8689393492.88;25.620157141548;100.0%;41.0;Novo Mercado;57.48%;1.0;1.0;;1.0;;-0.016562541539276943;-0.018642972536349056;0.013834690323074605;-0.04522021361572037;0.08526073226934217;0.0820193255768149;0.03254598889735716;-0.1780513357778939;
ALPA4;9.63;;-23.36;1.22;0.83;40.37;-9.97;-7.36;-17.23;-19.55;-2.17;0.15;1.72;2.96;-1.37;3.51;-5.22;-3.56;-8.0;0.68;0.32;0.48;2.36;;42259454.5;7.89;-0.41;0.14;6635606014.99;51.186239906096;--;80.0;Nível 1;31.69%;1.0;0.875;2024.0;0.8571428571428571;2024.0;0.0030604474674276183;-0.8840624744458867;-0.2283854973659184;0.03934019294974833;0.2107095046853591;-0.06664166510406777;-0.008196404407499136;0.00836731958565573;
RAIZ4;3.86;6.9;11.79;1.74;0.36;7.99;4.97;1.52;3.6;6.44;2.84;1.38;0.18;15.07;-0.62;1.06;14.79;3.04;14.92;0.21;0.79;2.0;;;41927477.21;2.21;0.33;0.07;39960686608.24;39.82289660316;100.0%;73.0;Nível 2;11.53%;1.0;1.0;;1.0;;0.09886253630203234;0.046122994652417315;0.049818756390005436;0.038810495106892606;-0.037660256410253945;0.007031828275350982;-0.021963824289409573;-0.01685393258427037;
PCAR3;4.02;;-0.37;0.22;0.05;-79.59;-212.24;-1200.41;-2.09;-6.53;-4.44;0.46;4.43;0.57;-0.07;1.32;-58.63;-12.96;-11.07;0.22;0.78;0.01;-17.25;;41832474.65;18.57;-10.89;0.0;1085959057.38;63.281422013417;100.0%;88.0;Novo Mercado;58.45%;0.8823529411764706;0.7647058823529411;2024.0;0.7142857142857143;2024.0;0.21147056016796184;0.08959409390166684;0.1892851829297344;-0.004985657204223504;-0.008701787394168048;0.5392083644509322;0.008798701298702749;-0.008850599185392216;2024.0
BHIA3;8.67;;-0.46;0.19;0.03;28.99;-0.55;-5.91;-4.94;-46.92;-41.99;1.58;0.03;-0.17;-0.04;0.74;-40.32;-5.54;-11.42;0.14;0.86;0.94;3.76;;41671498.91;46.63;-18.8;0.0;824371612.77;73.809586338463;100.0%;510.0;Novo Mercado;1658.52%;1.0;0.4117647058823529;2024.0;0.5;2024.0;0.012869511664974853;0.08062036725066202;0.11605915958381341;0.08174408490821428;0.06612736337126601;0.09210468872784605;0.014028110699501939;-0.040950997726697747;
STBP3;10.87;3.64;23.35;4.29;2.05;46.64;31.99;20.77;15.16;14.92;-0.24;-0.07;4.85;41.19;-2.53;1.35;18.36;8.77;19.96;0.48;0.52;0.42;18.58;;40626898.32;2.54;0.47;-17.7;9393531911.03;31.532397700709;100.0%;23.0;Novo Mercado;99.37%;1.0;0.7647058823529411;2020.0;0.7142857142857143;2020.0;-0.00045494521298072854;0.013662191402722623;0.034338378768114186;0.016836097788504256;0.14637499999997083;0.11805975957793957;0.020307997118156562;0.04244980287888667;
SQIA3;27.37;0.2;-110.33;3.7;1.49;42.19;6.45;-3.26;55.72;60.18;4.46;0.3;3.59;25.87;-1.84;1.43;-3.35;-1.35;3.18;0.4;0.58;0.41;35.51;;39651585.0;7.4;-0.25;0.44;2406971773.64;36.010309199458;100.0%;0.0;;81.19%;1.0;0.8125;2024.0;0.75;2024.0;0.008996413012812843;1.3658687626534998;0.38603728058136166;0.03285528433166318;-0.0661672908863925;0.0932836563757693;0.0011199253383107344;0.013741630468692367;
ENAT3;22.73;0.66;87.37;1.56;0.74;36.94;15.75;4.27;23.7;26.19;2.49;0.16;3.73;5.83;-1.05;1.77;1.78;0.85;3.15;0.47;0.53;0.2;34.1;-28.0;39014708.94;14.58;0.26;-0.95;6041790950.65;44.478051077701;100.0%;59.0;Novo Mercado;29.09%;1.0;1.0;;1.0;;-0.05417942879374482;-0.03200648709085274;0.3526222690873919;0.33044502918997365;-0.07921462423830372;0.46147209387038;0.04870826100275916;-0.11998646133018231;
MOVI3;8.62;1.4;-69.86;1.03;0.14;32.22;18.17;-0.42;1.63;7.71;6.08;3.85;0.3;3.75;-0.18;1.21;-1.48;-0.21;11.0;0.14;0.86;0.49;31.22;;38257534.35;8.36;-0.12;0.66;3123043981.32;55.472927026509;100.0%;54.0;Novo Mercado;36.4%;1.0;0.8181818181818182;2024.0;0.75;2024.0;0.026469195559531755;-0.10037422037422694;-0.07110677523555797;0.023545399960081648;0.0957006975269381;1.9965875988352302;0.03153569594247596;0.07330367074528632;
DIRR3;23.4;2.01;13.15;2.1;0.56;34.87;20.76;13.7;8.67;8.62;-0.05;-0.01;1.8;1.68;-1.06;3.56;15.96;4.3;12.34;0.27;0.71;0.31;23.53;;36660273.21;11.15;1.78;0.13;4059900000.0;35.358058399273;100.0%;17.0;Novo Mercado;47.78%;1.0;0.8235294117647058;2018.0;0.7857142857142857;2018.0;0.005468796665627718;-0.3712151960386074;0.01750550515003213;0.004373311619689124;0.026289682539682557;-0.001696215227587894;0.02825018896447662;0.004766492571371739;
GMAT3;7.42;;14.34;1.98;1.09;21.56;6.17;4.52;10.5;12.12;1.62;0.31;0.65;2.69;-2.85;2.9;13.8;7.59;12.73;0.55;0.44;1.68;30.71;48.33;33171503.32;3.75;0.52;0.7;16393347906.18;41.85564131395;100.0%;13.0;Novo Mercado;21.0%;1.0;1.0;;1.0;;-0.040167573029365355;0.03257029814892931;0.10090300881073211;0.08290252051043523;-0.060641399416921815;0.018259935553168738;-0.045454545454541306;0.02926115581565325;
CURY3;18.9;3.07;13.35;5.98;1.75;37.81;19.69;15.56;10.55;9.67;-0.89;-0.5;2.08;4.16;-6.61;2.34;44.76;13.12;26.74;0.29;0.66;0.84;22.62;29.64;32170776.62;3.16;1.42;0.64;5516439163.2;36.971933269195;100.0%;2.0;Novo Mercado;41.21%;1.0;1.0;;1.0;;0.02414911599433034;0.013795121073005179;0.13830926327335247;0.1229432178543497;0.12607639655555358;0.13373597929249326;-0.012493210211840022;0.046382189239333904;
AESB3;10.34;;39.44;1.39;0.31;35.54;28.78;4.9;6.72;16.68;9.96;2.06;1.93;19.06;-0.38;1.11;3.53;0.8;5.04;0.23;0.72;0.16;;;31863666.65;7.43;0.26;-0.58;6223928395.74;22.165020594448;100.0%;28.0;Novo Mercado;52.68%;1.0;1.0;;1.0;;0.17097117921660043;-2.0632183908044173;-0.9202160685457756;-0.0301428675750276;0.11266294227188811;1.5030911456676987;1.50822362144662;-0.16598528209323726;
GGPS3;18.53;1.4;20.96;4.22;1.29;17.38;10.75;5.8;11.31;11.77;0.46;0.17;1.21;3.83;-2.98;2.45;20.15;6.15;13.59;0.3;0.69;1.06;;;31688194.5;4.39;0.88;0.7;12455315047.51;26.898915129337;100.0%;18.0;Novo Mercado;55.47%;1.0;1.0;;1.0;;-0.01676451264226697;0.0036444499351417914;0.10412028522570171;0.08372945735582937;-0.5112219451372313;-0.22415094339627029;-0.021432305279664554;0.07094319108453173;
CSMG3;22.23;13.01;6.54;1.07;0.6;40.21;23.61;18.47;5.12;7.14;2.03;0.42;1.21;8.45;-0.75;1.58;16.38;9.22;10.82;0.56;0.44;0.5;7.38;18.19;30067050.88;20.75;3.4;0.06;8453025723.87;29.297276025291;100.0%;38.0;Novo Mercado;49.56%;1.0;0.9411764705882353;2015.0;0.9285714285714286;2015.0;0.005543904451725368;0.010211686494052685;-0.013839802041070492;-0.1059023088632911;-0.0038444639718799856;-0.023304937413072713;-0.0016061143110324139;0.0018225584594224742;
EZTC3;15.64;1.31;18.37;0.75;0.59;29.18;13.62;17.82;24.03;24.16;0.13;0.0;3.27;1.64;-1.07;5.19;4.09;3.22;2.08;0.79;0.2;0.18;2.72;-12.11;29587736.21;20.81;0.85;-0.38;3456269570.92;44.275594413997;100.0%;81.0;Novo Mercado;42.68%;1.0;1.0;;1.0;;-0.03449164323235665;-0.050041955827636264;-0.17978260729907847;0.033832210373502036;0.019115734720419386;0.04675649645811353;-0.024881291547956264;0.018459625122145162;
ODPV3;13.0;2.24;14.61;4.89;3.45;40.91;28.94;23.34;11.78;11.21;-0.57;-0.24;3.41;-178.07;-4.42;0.92;33.5;23.65;27.76;0.71;0.29;1.01;5.77;-0.45;28090873.26;2.66;0.89;0.52;7182443619.0;35.528382830858;100.0%;14.0;Novo Mercado;46.85%;1.0;1.0;;1.0;;-0.0010584964345526915;0.004771672904369195;0.04046934047687234;0.013342891806992219;-0.016652684563762454;-4.359036144579538;0.012258064516132539;-0.05573091480396952;
ENBR3;24.08;1.12;11.69;1.29;0.38;30.72;20.25;6.59;3.81;6.4;2.6;0.88;0.77;-9.12;-0.57;0.89;11.05;3.27;12.29;0.3;0.67;0.5;6.98;14.37;27666157.79;18.65;2.06;-0.25;13994459653.44;23.512675020697;100.0%;0.0;;42.33%;1.0;1.0;;1.0;;-0.008679840875736922;-0.027560734536755893;0.025678461815055842;0.01645809597115533;0.02526011037727316;0.010009813542689372;0.01862798560366752;-0.005411197428342729;
SBFG3;12.22;1.11;16.31;1.21;0.36;47.85;7.45;2.67;5.85;11.66;5.81;1.2;0.44;1.68;-0.75;1.71;7.42;2.22;8.13;0.3;0.7;0.83;26.04;-5.21;27056729.91;10.1;0.75;-0.34;2977879335.6;67.283320336166;100.0%;22.0;Novo Mercado;59.94%;1.0;0.7777777777777778;2020.0;0.8333333333333334;2020.0;-0.004902730960405721;-0.06204611474220234;-0.007250816080131561;0.08707444178009038;-0.9438502673795582;0.18254486133768388;-0.0735879797248481;0.07242339832868772;
SAPR11;26.47;5.73;5.37;0.84;0.44;60.1;36.99;24.53;3.56;5.52;1.96;0.46;1.32;10.14;-0.51;1.41;15.68;8.13;11.45;0.52;0.48;0.33;7.96;16.77;25720615.41;31.42;4.93;0.17;8000322017.59;24.966552921149;100.0%;43.0;Nível 2;79.97%;1.0;1.0;;1.0;;0.00374352980192727;0.03515732899793811;0.009174027760564307;-0.013610600352001345;0.006318681318681518;-0.023147135986010592;-0.01937086092715068;0.02456127733026303;
ANIM3;4.41;;-19.09;0.7;0.18;57.97;10.96;-2.54;4.43;14.37;9.94;1.57;0.49;10.19;-0.22;1.1;-3.66;-0.94;0.24;0.26;0.7;0.37;27.79;;25272171.47;6.32;-0.23;0.25;1781061430.05;70.83312706922;100.0%;27.0;Novo Mercado;63.67%;1.0;0.4666666666666667;2024.0;0.45454545454545453;2024.0;0.03205362441279447;0.33048289738429704;0.277949974360405;-0.008633362916304899;0.05946097248880333;0.11972303765694248;-0.02896622752435407;0.00535052819316606;
INTB3;20.35;1.02;12.8;2.7;1.41;31.46;11.78;12.53;13.61;13.07;-0.54;-0.11;1.6;3.1;-5.17;2.68;21.1;11.04;13.25;0.52;0.47;0.88;23.09;23.17;24855057.18;7.53;1.59;0.53;6666886088.5;39.598571552502;100.0%;24.0;Novo Mercado;34.96%;1.0;1.0;;1.0;;-0.02968780314298669;0.00486699113274125;0.0930655080293652;0.07587601457868631;-0.17540687160940593;-0.03583701521846605;-0.0252976190476224;0.04591026629768824;
ECOR3;9.06;0.93;11.26;2.29;0.27;37.28;32.78;6.92;2.38;7.24;4.86;4.68;0.78;-6.53;-0.32;0.81;20.34;2.36;10.51;0.12;0.87;0.34;14.6;7.38;24462848.12;3.96;0.8;0.04;6308788069.44;41.025648961509;100.0%;63.0;Novo Mercado;47.92%;1.0;0.8125;2020.0;0.7857142857142857;2020.0;-0.04382684009008564;0.425734480754411;-0.03497635770810159;-0.007532444609817057;0.06738674509467568;0.049223778871636314;0.021273019026511575;-0.01507043585137291;
CEAB3;7.86;;52.1;0.85;0.28;51.91;6.1;0.73;6.23;7.78;1.55;0.21;0.38;1.56;-0.53;1.59;1.64;0.53;8.09;0.32;0.68;0.73;4.19;-13.65;23514963.0;9.22;0.15;-0.29;2422806234.48;69.746554897684;100.0%;52.0;Novo Mercado;34.18%;1.0;0.7777777777777778;2020.0;0.8333333333333334;2020.0;0.016447227114568364;0.12885985748214623;-0.13705140640157587;0.04843005359328445;0.28346080305930355;0.5202532769181196;-0.007679180887370518;-0.3664408049790058;
ONCO3;10.12;;24.34;2.41;0.62;35.93;14.63;4.16;6.92;10.83;3.91;1.36;1.01;6.12;-0.9;1.48;9.9;2.55;11.13;0.26;0.69;0.61;;;23437260.59;4.2;0.42;-0.01;5338113771.76;43.514656517797;100.0%;11.0;Novo Mercado;27.6%;1.0;0.6;2021.0;0.75;2021.0;0.03582690007611755;0.5006738544475766;0.38170359996698;0.029999185753011304;-0.029209621993132262;2.077380952381462;-0.022522522522523403;-0.051333333333351105;
SIMH3;7.68;0.25;129.11;1.92;0.11;28.13;18.02;0.17;1.21;7.19;5.98;9.48;0.22;0.8;-0.16;1.75;1.48;0.08;10.67;0.06;0.89;0.49;27.43;;23190770.59;4.01;0.06;-1.43;6704951293.44;46.377230673934;100.0%;56.0;Novo Mercado;25.99%;1.0;0.875;2017.0;1.0;;0.03414343996645064;-0.09844718334376079;20.710638297893063;-0.9843154603358506;0.054203948028688;-0.0070366028116308765;0.00971659919028367;0.029092560719067073;
DXCO3;7.8;2.76;7.88;1.0;0.39;33.51;18.39;10.95;4.69;7.96;3.27;0.7;0.86;5.31;-0.54;1.34;12.66;4.91;10.71;0.39;0.61;0.45;16.29;34.44;23072651.09;7.81;0.99;-0.28;6400416718.8;45.488257084389;100.0%;46.0;Novo Mercado;36.93%;1.0;1.0;;1.0;;-0.008651638844889509;-0.009375024264494547;0.044960680761703786;0.008174280716989335;0.03614154388616431;-0.0001770758554677787;0.020286712444279154;-0.01602849510240323;
RAPT4;10.79;5.39;8.55;1.21;0.28;25.06;11.93;3.72;2.67;4.78;2.14;0.97;0.32;0.91;-0.67;2.1;14.12;3.26;11.63;0.23;0.68;0.88;30.59;54.84;22885012.88;8.94;1.26;-0.38;3520852103.51;32.221980277612;80.0%;22.0;Nível 1;60.44%;1.0;0.875;2016.0;1.0;;0.005208915063206865;0.009851145939984818;-0.011880002793417277;0.07026596736657265;0.04425923040972335;-0.03531746031745897;0.014428527259607193;-0.022031823745412127;
MDIA3;38.98;1.62;23.5;1.81;1.11;30.23;7.02;5.19;17.37;17.79;0.42;0.04;1.22;4.54;-2.01;2.19;7.71;4.72;7.51;0.61;0.39;0.91;13.34;-7.8;20774812.0;21.52;1.66;-2.64;13214220000.0;40.711058873543;100.0%;7.0;Novo Mercado;20.44%;1.0;1.0;;1.0;;-0.024240712810791654;-0.07672793482641671;-0.23910247243746685;-0.019282186085091135;0.7798076923078765;-0.06798986486488356;0.0038496376811587574;0.02071469761407263;
LEVE3;34.21;29.38;6.46;2.96;1.47;28.88;18.76;16.16;5.57;5.55;-0.02;-0.01;1.04;4.78;-4.17;1.91;45.73;22.77;30.99;0.5;0.5;1.41;13.28;24.76;20266243.38;11.57;5.29;0.26;4636789190.0;39.40372661266;100.0%;21.0;Novo Mercado;28.4%;1.0;1.0;;1.0;;0.013657375159888296;0.049917149131563754;0.054520046516375986;-0.04681718360311382;0.7467032967033391;-1.2859191655799447;-0.004878048780486477;-0.006254234042127993;
NEOE3;21.27;4.25;4.97;0.88;0.27;26.13;21.96;11.89;2.69;6.65;3.96;1.29;0.59;21.18;-0.34;1.06;17.61;5.33;12.45;0.3;0.7;0.45;15.85;66.47;20263438.71;24.28;4.28;0.21;25817467464.96;26.15782714414;100.0%;18.0;Novo Mercado;16.17%;1.0;1.0;;1.0;;-0.03299617720897796;-0.06575508477483138;0.09354510429178275;0.08713663935748794;0.05850165440269506;0.043085738998813294;0.028176419043914658;-0.10977123274982559;
BRSR6;15.45;5.94;6.74;0.65;0.05;33.16;7.22;6.38;5.95;5.9;;;0.43;1.12;-0.05;4.22;9.69;0.76;;0.08;0.92;0.12;6.91;-3.06;19251896.38;23.66;2.29;0.45;6257136217.35;27.366967602273;100.0%;38.0;Nível 1;50.61%;1.0;1.0;;1.0;;-0.028575377306085614;-0.06762656489431895;0.012319876217727677;0.044028234709072134;;;0.003389134230256108;0.1807285284616169;
ALUP11;29.39;6.12;12.03;1.19;0.32;75.83;71.87;23.53;3.94;7.85;3.91;1.18;2.83;3.53;-0.39;1.89;9.87;2.63;9.39;0.27;0.62;0.11;20.04;17.61;19016835.74;24.75;2.44;-0.57;8956854313.52;18.354878563016;100.0%;13.0;Nível 2;47.84%;1.0;1.0;;1.0;;-0.007851261814969202;0.015988598418660738;-0.018048667767736726;-0.020917803712186323;-0.06467925793474016;-0.0008660119728258753;0.006857555341674315;0.013731017550241642;
BPAN4;9.01;2.39;18.37;1.56;0.21;49.84;4.88;4.32;16.25;16.25;;;0.79;;-0.21;;8.47;1.16;;0.14;0.86;0.27;8.24;41.4;18961158.44;5.79;0.49;-2.18;11434321510.9;39.085609491173;100.0%;55.0;Nível 1;26.91%;1.0;0.7333333333333333;2016.0;0.7857142857142857;2016.0;0.03365493475747128;0.18125956817182076;0.10291033708511521;-0.02248299747454141;;;-0.007530807850297694;2.999999999998934;
MODL3;3.08;;-29.78;1.82;0.29;50.83;-5.11;-5.48;-31.96;-29.26;;;1.63;;-0.32;;-6.1;-0.97;;0.16;0.84;0.18;;;18194928.05;1.7;-0.1;0.19;1985844000.0;53.851377265956;--;0.0;;41.37%;1.0;0.5714285714285714;2024.0;0.5;2024.0;-0.9535305567164221;-5.3041385947988084;0.6948481795940644;-0.027724285858177433;;;-0.006446067898582153;;
CBAV3;4.05;8.54;-2.1;0.55;0.2;-12.43;-12.73;-11.59;-1.91;-4.18;-2.28;0.66;0.24;0.96;-0.31;2.26;-26.28;-9.32;-18.02;0.35;0.63;0.8;;;17122531.62;7.35;-1.93;0.01;2636844422.85;54.564992734418;100.0%;23.0;Novo Mercado;29.39%;0.6;0.4;2024.0;0.5;2024.0;0.7199150978220707;0.14998385534389613;0.5696809713501201;-0.014797517902735091;0.1132075471698164;0.573657474600948;-0.009836065573770925;0.05632582322356838;2024.0
QUAL3;2.29;3.46;-16.23;0.49;0.14;77.16;5.27;-2.24;6.9;20.68;13.78;0.98;0.36;2.93;-0.21;1.16;-3.02;-0.86;1.02;0.28;0.71;0.38;-1.22;;16951733.62;4.67;-0.14;0.14;650392804.25;57.687347033238;100.0%;135.0;Novo Mercado;97.85%;1.0;0.6666666666666666;2024.0;0.7692307692307693;2024.0;0.005456545299544757;0.05541412031101367;-0.005947148515924261;-0.07845611299814093;0.08837015932796177;-0.5086613116898746;0.04498594189315286;-0.007490736544663923;
ABCB4;25.0;6.31;6.11;1.04;0.11;25.5;17.06;15.5;5.55;5.55;;;0.95;-2.89;-0.1;0.05;16.95;1.73;;0.1;0.91;0.11;18.7;17.8;16633947.24;24.15;4.09;-0.33;5923402400.0;26.997283504936;100.0%;19.0;Nível 2;28.06%;1.0;1.0;;1.0;;0.0034412724729295796;0.0009355828866650651;0.04372357185345099;0.041219285266276495;;;0.004457772734640875;-0.1827411167512859;
VULC3;18.59;12.29;8.99;2.56;1.81;40.55;19.67;20.41;9.33;9.35;0.02;0.01;1.84;3.35;-6.06;4.39;28.43;20.16;21.21;0.71;0.29;0.99;14.97;24.47;16606779.44;7.27;2.07;0.13;5075371975.96;37.219157571545;100.0%;10.0;Novo Mercado;26.87%;1.0;0.7058823529411765;2015.0;0.6428571428571429;2015.0;0.020163739108509215;0.09017607792383964;0.1200921167870741;0.090472344901394;0.8261846901579881;0.02321030813017866;-0.1871905940594174;0.047400210084026506;
CASH3;7.25;;-16.16;0.8;0.52;-22.15;-22.16;-11.35;-8.28;-2.77;5.51;-0.54;1.83;1.07;-2.47;2.65;-4.98;-3.24;-10.47;0.65;0.34;0.29;70.01;;16487602.29;9.01;-0.45;0.4;628095231.25;49.126499804686;100.0%;43.0;Novo Mercado;798.25%;0.25;0.25;2024.0;0.2;2024.0;-0.06347818419621365;-1.9603301994958695;0.32678969783016765;0.2383388424201358;-0.169921875000004;0.2002956551547086;0.10592334494771549;-0.15463233342180627;2024.0
RCSL3;1.81;;-16.61;1986.15;3.76;12.72;8.87;-22.44;42.01;25.49;-0.01;-0.42;3.73;27.67;-7.37;1.38;-11956.9;-22.62;4853.1;0.0;1.0;1.01;362.53;;15879063.79;0.0;-0.11;-0.05;139835380.59;124.00293204976;--;0.0;;18.97%;1.0;0.0;2024.0;0.0;2024.0;-0.03436078545871435;0.013272074202185014;-0.019791546224872114;0.0007703387394293326;0.0;0.04385801283809543;-0.005984634047714876;0.053680917622526136;
TTEN3;9.95;;7.92;1.56;0.75;14.89;6.79;7.71;8.99;9.2;0.21;0.04;0.61;3.38;-2.1;1.52;19.74;9.46;9.54;0.48;0.52;1.23;;;15708097.12;6.37;1.26;0.36;4958061587.65;34.75901423121;100.0%;11.0;Novo Mercado;22.83%;1.0;1.0;;1.0;;-0.005122700883055331;0.035367275553830346;0.09562595863964529;0.09339183918392302;1.20788530465959;1.783068783068725;-0.08940646130726504;0.05258675750479069;
LJQQ3;5.07;;-25.73;1.88;0.31;34.11;2.77;-1.56;14.52;14.26;-0.26;-0.03;0.4;1.01;-0.93;1.86;-7.33;-1.21;5.03;0.17;0.83;0.77;18.92;;15158938.18;2.69;-0.2;0.02;949561663.83;61.21987398791;100.0%;17.0;Novo Mercado;95.53%;1.0;0.625;2024.0;0.4;2024.0;-0.026220945416555397;0.6545961002783729;0.5803287746927139;0.0021951662729422505;0.41413638626188654;0.2685171217377935;-0.007311010381633065;0.04555393586006229;
HBSA3;3.63;;51.98;1.74;0.43;38.61;23.12;2.64;5.95;13.61;7.67;2.25;1.37;3.35;-0.55;2.44;3.35;0.83;6.62;0.25;0.75;0.31;17.46;35.34;14577994.18;2.09;0.07;-0.22;2760188994.09;41.766898386569;100.0%;4.0;Novo Mercado;99.96%;1.0;0.45454545454545453;2022.0;0.45454545454545453;2022.0;0.029286536248573247;0.7542429549436502;-0.11026126467246056;-6.547106858989515e-05;0.07264211198636583;0.04885206032052691;0.024883825513419167;0.0005231120410880141;
OIBR3;1.27;;-0.04;-0.03;0.03;-3.74;-173.59;-224.73;-0.05;-1.35;-1.3;;0.08;-0.21;-0.04;0.72;-84.29;-76.06;1223.14;-0.9;1.9;0.34;-15.11;;14138567.65;-40.62;-34.24;0.0;854200752.91;75.000087357419;100.0%;0.0;Nível 1;90.2%;0.8125;0.3125;2024.0;0.2857142857142857;2024.0;3.983052282511749;0.09062934800192113;0.10748642686538479;0.15739401646901818;0.05864702371742703;0.07785613248946266;0.047281167108754074;-0.008269068757696174;2024.0
ORVR3;33.62;;-22.39;4.52;1.25;30.63;17.55;-16.46;21.0;28.1;7.11;1.53;3.68;8.38;-1.71;2.22;-20.17;-5.56;5.58;0.28;0.7;0.34;22.01;;13914534.76;7.44;-1.5;-0.43;2788808888.18;33.264726011108;100.0%;0.0;Novo Mercado;51.02%;1.0;0.5;2024.0;0.0;2024.0;0.01209854661467702;0.16918138041732944;0.07815409062338885;0.08973232001043407;-0.7247191011234936;0.7556372814848125;-0.14226024671708537;0.13388370423550122;
JHSF3;4.35;8.88;7.47;0.59;0.27;53.4;47.37;26.29;4.15;7.74;3.59;0.51;1.96;1.49;-0.38;2.85;7.85;3.68;6.98;0.47;0.5;0.14;39.82;;13199459.82;7.42;0.58;-0.15;2955079153.35;39.578069356412;100.0%;84.0;Novo Mercado;44.02%;1.0;0.8823529411764706;2017.0;0.8666666666666667;2017.0;0.021393863748040642;0.02414847673577758;0.045077529180808984;0.0444290175218216;0.016336930455635112;0.0295434923375828;-0.004553466509987669;0.0073934386973200095;
AMER3;0.59;;-0.04;-0.02;0.02;19.46;-30.26;-50.03;-0.07;-2.2;-2.14;;0.02;-0.02;-0.04;0.34;-48.42;-41.26;202.73;-0.85;1.85;0.82;32.64;;13039444.41;-29.55;-14.31;0.0;532492406.77;63.198084374465;100.0%;13.0;Novo Mercado;68.82%;1.0;0.125;2024.0;0.0;2024.0;-0.02224562250229012;0.08571417421775962;0.09401284011328781;0.18296446704777902;0.5122279129322176;6.667515151517603;0.037844243792327426;-0.0822807707432146;
TUPY3;25.6;3.92;9.06;1.13;0.37;17.23;6.88;3.59;4.73;7.61;2.88;0.69;0.33;1.15;-0.96;2.1;12.47;4.08;9.94;0.33;0.67;1.13;22.39;21.58;12588841.65;22.67;2.83;-0.44;3690944000.0;26.667289775457;100.0%;20.0;Novo Mercado;46.85%;1.0;0.8823529411764706;2020.0;0.8571428571428571;2020.0;-0.014382332260093444;-0.3415767868641504;0.035100445347537645;0.0006672888065208937;0.05664313222079098;0.052340365417213874;0.0021998742928976966;-0.0016459833270180413;
SEQL3;0.45;;-0.36;1.38;0.1;5.07;-29.02;-45.21;-0.56;-3.69;-3.13;7.68;0.16;-0.73;-0.14;0.64;-382.42;-28.65;-31.37;0.07;0.93;0.63;;;12215013.44;0.33;-1.25;0.0;174997285.2;141.113448156101;100.0%;22.0;Novo Mercado;31.59%;1.0;0.25;2024.0;0.2;2024.0;-0.3676114023590784;0.18891942912728887;0.27355946636386874;-2.136234543626651;0.15047009481402185;-1.569841269841043;0.02808069792802259;-0.07417055113792836;
AMBP3;15.48;0.87;-20.37;2.61;0.25;23.51;18.46;-2.69;2.97;8.16;5.19;4.56;0.55;1.03;-0.43;2.3;-12.82;-1.21;8.16;0.09;0.84;0.45;83.52;;11905236.82;5.92;-0.76;0.09;2585808132.12;48.68958364868;100.0%;21.0;Novo Mercado;26.25%;1.0;0.75;2024.0;0.6;2024.0;0.029337919174547533;1.2607816711592807;0.598950731183501;-0.24594620357061936;0.14786780383795595;0.08852601885191791;0.06517509727627258;0.05482578922434245;
VVEO3;7.8;;15.56;0.8;0.25;15.9;6.01;1.5;3.87;6.37;2.5;0.52;0.23;0.83;-0.63;2.04;5.17;1.62;9.84;0.31;0.69;1.08;;;11855626.32;9.69;0.5;-0.37;2518000742.4;37.477233919037;100.0%;0.0;Novo Mercado;35.15%;1.0;1.0;;1.0;;0.006851851851852997;-0.4779507133592811;-0.8318765364654503;0.08288263858550593;0.22977346278316668;0.22551724137930207;-0.014409221902019542;0.055871212121209046;
MILS3;12.53;2.38;12.61;2.22;1.12;65.4;32.41;18.29;7.12;8.22;1.1;0.34;2.31;5.1;-1.77;2.49;17.59;8.88;16.23;0.5;0.49;0.49;30.26;;11725282.44;5.65;0.99;0.84;3086249965.68;43.356505606173;100.0%;20.0;Novo Mercado;72.91%;1.0;0.625;2020.0;0.5714285714285714;2020.0;-0.0005213555243633872;0.4883141762451977;0.0463493312793013;-0.06111762172654833;-0.9322709163343545;0.11160115052731001;-0.013405495420484859;0.028759723136311033;
MYPK3;12.32;2.45;-18.4;0.49;0.13;9.29;4.96;-0.66;2.44;7.36;4.92;0.99;0.12;0.64;-0.27;1.58;-2.68;-0.68;5.55;0.25;0.72;1.04;17.75;;11671051.21;24.94;-0.67;0.15;1893825484.32;33.235175569353;100.0%;29.0;Novo Mercado;85.39%;1.0;0.8125;2024.0;0.7857142857142857;2024.0;-0.057578761575457715;0.3692994697181613;-0.9745018624725035;0.04568913559923016;-0.013692384412622327;-0.2278621612579812;0.0036589147286820722;0.006244909041541735;
IFCM3;1.35;;-3.36;0.63;0.27;43.4;-3.27;-24.04;-24.67;-40.6;-15.93;0.41;0.81;-33.07;-0.37;0.97;-18.75;-7.99;-1.72;0.43;0.57;0.33;;;11308764.41;2.14;-0.4;-0.19;860402942.55;93.301923252591;100.0%;10.0;Novo Mercado;48.89%;1.0;0.0;2024.0;0.0;2024.0;0.011980267794221344;0.16758449827345911;0.08476505899398834;-0.6396167737342247;0.07537688442211299;0.2436691610089734;-0.09909909909910775;-0.022562141491391685;
UNIP6;68.66;5.07;9.2;2.54;1.15;35.74;20.79;13.63;6.03;5.64;-0.22;-0.09;1.25;5.61;-2.01;1.92;27.61;12.51;15.5;0.45;0.54;0.92;19.21;20.7;10965482.24;27.04;7.47;-0.16;6937158929.49;27.911989618512;--;22.0;;54.64%;1.0;0.9375;2009.0;1.0;;-0.008785899006398257;0.07932712383681051;0.08671408809962533;0.0809453525644146;0.29381547820206166;0.22493090707374885;-0.010641093011035108;-0.04199304474425081;
KEPL3;9.52;9.02;6.48;2.51;1.24;32.03;22.32;17.47;5.07;4.74;-0.33;-0.16;1.13;4.54;-3.77;1.68;38.76;19.12;28.93;0.49;0.51;1.09;25.71;;10628138.71;3.79;1.47;-0.26;1710935637.6;35.108542360824;--;21.0;Novo Mercado;99.4%;1.0;0.7647058823529411;2017.0;0.8571428571428571;2017.0;0.02561762157093672;0.06256227684132365;0.06055204976605677;-0.0008082667266047228;0.12329876863251799;0.07265901060073765;-0.004293262879788706;-0.053356481481477314;
PLPL3;13.48;1.19;11.32;4.61;1.39;33.71;15.29;13.02;9.64;10.05;0.42;0.2;1.47;2.45;-9.69;2.96;40.72;12.27;22.01;0.3;0.68;0.94;;;10311386.09;2.92;1.19;0.08;2753370880.0;54.016492518697;100.0%;0.0;Novo Mercado;26.78%;1.0;1.0;;1.0;;-0.018773860318887392;-0.03143270622286254;0.13560501861855512;0.16017789301908536;-0.7145631067962912;-0.0682274247491591;-0.04896206156048866;-0.21803797468359676;
MTRE3;5.04;15.06;6.17;0.55;0.25;21.87;10.56;9.48;5.54;10.97;5.43;0.53;0.59;0.48;-1.45;2.65;8.85;3.98;4.62;0.45;0.53;0.42;69.15;;10234922.32;9.24;0.82;0.05;533105092.8;55.270874868187;100.0%;1.0;Novo Mercado;49.6%;1.0;0.8888888888888888;2017.0;1.0;;-0.041646658226740074;0.11775727127404423;0.16521376591879222;-0.007202139692202181;-0.6841216216215884;0.1334804191947161;-0.0910852713178113;0.038477451386014216;
VLID3;19.21;4.98;7.76;1.16;0.59;38.84;19.36;10.32;4.14;4.88;0.74;0.21;0.8;2.33;-1.18;2.0;14.9;7.56;14.76;0.51;0.48;0.73;3.6;48.87;9629402.82;16.6;2.47;0.01;1572076763.75;41.14313011521;100.0%;7.0;Novo Mercado;96.85%;1.0;0.9375;2020.0;0.9285714285714286;2020.0;0.017840017461827395;-0.2804207061854652;-0.10470118734098699;0.030673864925788275;0.02416285587845346;0.006010235414534382;0.007407407407407085;-0.039307717631568706;
GUAR3;5.28;;-16.29;0.53;0.19;58.32;3.34;-1.87;9.11;15.04;5.93;0.34;0.3;0.79;-0.52;1.62;-3.24;-1.17;3.29;0.36;0.64;0.63;5.59;;9333326.18;9.99;-0.32;0.1;2635776000.0;68.458868243986;--;18.0;Novo Mercado;16.41%;1.0;0.8235294117647058;2024.0;0.7857142857142857;2024.0;0.0020530770983067104;-0.5142201834863473;-0.8471294698475783;-0.29869058957223993;0.0605924596050369;0.1026858584359629;0.032299741602069165;-0.021767976747123385;
SRNA3;9.86;;118.68;1.21;0.34;32.08;29.57;1.86;7.47;18.01;10.54;1.71;2.21;-2.62;-0.39;0.48;1.02;0.29;5.17;0.28;0.72;0.15;;;8270036.09;8.16;0.08;;6140123282.16;46.13647890593;100.0%;0.0;Novo Mercado;54.03%;1.0;0.75;2022.0;0.6666666666666666;2022.0;-0.2554861863994533;1.545895824257772;0.5045045045044405;-0.009012479763928272;0.11359820928933062;0.10032081852078067;0.0124826629681003;-1.0766871165647178;
RANI3;10.25;8.33;5.32;1.9;0.71;46.85;40.73;28.58;3.73;5.32;1.59;0.81;1.52;2.86;-1.06;3.91;35.81;13.31;17.18;0.37;0.63;0.47;14.44;;8088094.29;5.38;1.93;0.18;2458256669.75;31.298330736321;100.0%;30.0;Novo Mercado;42.56%;1.0;0.8125;2019.0;0.7857142857142857;2019.0;0.024142177989072477;0.07226502846034744;0.08334614315352229;0.7298812563226318;0.0019132570615991717;-0.024364649457945364;0.0023773827372028933;0.06176607859611094;
ARML3;13.57;0.26;27.87;3.87;1.18;48.07;34.23;13.57;11.05;14.38;3.33;1.17;3.78;6.96;-1.72;2.22;13.89;4.25;12.06;0.31;0.69;0.31;;;7984475.79;3.51;0.49;0.82;4695437676.37;50.735206635902;100.0%;2.0;Novo Mercado;49.77%;1.0;1.0;;1.0;;0.01178631878792702;-0.042017427263326246;0.1861638682447928;0.028844392464103308;-0.21131639722861872;-0.0947756195579389;-0.028443113772463002;-0.08256528417817832;
PARD3;20.25;10.64;36.76;5.3;2.1;26.45;13.31;6.98;19.27;19.93;0.66;0.18;2.57;-54.06;-3.28;0.9;14.42;5.7;14.8;0.4;0.6;0.82;13.44;2.56;7882065.83;3.82;0.55;-1.04;5403493010.25;29.094576604244;100.0%;0.0;;--%;1.0;1.0;;1.0;;-0.03161515646115265;-0.06525778830387363;-0.05613068508199459;0.003846658959284932;0.10096711798841795;0.10281447443999236;0.018971759594500037;-0.12365315546432587;
GRND3;6.38;21.74;11.13;1.65;1.49;43.97;10.49;21.23;22.53;19.79;-2.74;-0.2;2.36;2.7;-4.17;7.09;14.85;13.38;6.59;0.9;0.1;0.63;2.21;-4.78;7754112.5;3.86;0.57;-0.84;5755780800.0;27.517988939032;100.0%;21.0;Novo Mercado;29.72%;1.0;1.0;;1.0;;0.003028392720298756;0.00946755170419955;-0.17910356226865143;-0.0749800260683241;-0.046888412017171754;0.004402941745693223;-0.06951371571072817;0.015378164255808402;
AGRO3;24.02;13.37;9.62;1.12;0.7;30.65;20.17;20.86;9.94;11.8;1.85;0.21;2.01;3.44;-1.14;2.14;11.68;7.31;7.59;0.63;0.37;0.35;27.22;15.22;7518771.68;21.4;2.5;-0.22;2466456324.88;29.632653024339;100.0%;8.0;Novo Mercado;62.11%;0.9375;0.8125;2013.0;1.0;;0.09983163839614617;0.11798544234121588;0.05132790551284305;0.05993134596847649;0.12326647564468618;-0.020284337211956216;0.03676012461059064;-0.018265449959197877;2009.0
ZAMP3;4.27;;-10.21;0.88;0.3;65.31;2.49;-3.02;12.36;20.34;7.98;0.57;0.31;44.2;-0.37;1.03;-8.65;-2.89;2.75;0.33;0.67;0.96;15.36;;7265819.56;4.84;-0.42;-0.18;1175767758.69;65.162048523791;100.0%;0.0;;98.27%;1.0;0.2727272727272727;2024.0;0.2857142857142857;2024.0;0.0020289710218384105;0.02740546611756245;0.14218962293004922;-0.1307968059021335;0.08026143790849649;0.255670004311793;0.025454545454544952;-0.02645011600927838;
POSI3;7.86;6.54;5.83;0.77;0.27;30.03;13.75;5.35;2.27;4.05;1.78;0.61;0.31;0.73;-1.37;1.83;13.21;4.58;17.99;0.35;0.65;0.86;21.15;;7106810.74;10.21;1.35;-0.75;1114548000.0;51.99575929789;100.0%;33.0;Novo Mercado;51.89%;1.0;0.7647058823529411;2018.0;0.7142857142857143;2018.0;0.0021835948907917846;0.04341791725817523;0.10823416440893219;0.025098522859756;0.03399736582152735;0.03160247592847121;0.010914617297596019;9.211495946948034e-05;
CAML3;8.65;3.34;6.25;1.01;0.33;20.98;8.22;4.71;3.58;7.06;3.49;0.98;0.29;1.2;-0.73;1.99;16.16;5.26;10.72;0.33;0.67;1.12;16.96;14.1;6816655.82;8.57;1.38;0.02;3027500000.0;37.628290123129;100.0%;3.0;Novo Mercado;28.55%;1.0;1.0;;1.0;;-0.022111911357338365;0.02426678067550614;0.0716810534459964;0.07579711860078442;0.026489533011274657;0.03143631436315064;0.006557056175378273;0.009632385928800113;
FESA4;9.51;7.2;7.0;1.03;0.81;28.8;16.65;18.39;7.74;7.59;-1.58;-0.21;1.29;2.76;-1.37;3.6;14.76;11.59;10.08;0.79;0.21;0.63;23.14;12.19;6519471.71;9.2;1.36;-0.12;3982643200.0;33.211278349973;--;13.0;Nível 1;11.55%;1.0;1.0;;1.0;;0.015500522638818515;0.011805694555643953;0.07408686363840045;0.04378622237959129;-1.1220930232557111;0.20032857784763158;0.03745819397992278;-0.10316032887976667;
EVEN3;7.86;6.41;9.89;0.81;0.22;20.53;6.8;6.28;9.14;10.2;1.06;0.09;0.62;0.4;-0.98;3.51;8.2;2.25;2.68;0.27;0.6;0.36;10.85;;6519153.41;9.69;0.79;1.11;1572000000.0;43.614606584388;100.0%;16.0;Novo Mercado;99.45%;1.0;0.8823529411764706;2018.0;0.8333333333333334;2018.0;-0.028893456850124566;-1.8080848995455934;-0.09885006744262148;0.015025061244533067;0.9211753731341432;0.08247440670080541;0.006057820855613905;-0.022382818275914262;
MLAS3;2.06;;-2.36;0.48;0.29;12.5;-15.59;-19.01;-2.88;-2.94;-0.07;0.01;0.45;0.54;-1.2;3.45;-20.23;-12.31;-13.54;0.61;0.39;0.65;;;6495544.24;4.32;-0.87;0.01;1690310803.5;80.609511637044;100.0%;7.0;Novo Mercado;54.89%;1.0;0.7142857142857143;2024.0;0.5;2024.0;-0.30721386422838814;0.39549419282609555;0.5652475604079297;-0.054582793163021504;-11.400000000030241;-0.028037383177571207;-0.050412465627860725;0.05827657044004653;
SEER3;6.45;;-5.22;0.69;0.24;50.44;3.87;-8.88;11.99;19.54;7.55;0.43;0.46;10.22;-0.31;1.13;-13.22;-4.64;3.35;0.35;0.65;0.52;6.36;;6454121.41;9.35;-1.24;-0.07;830254062.0;70.066962134711;100.0%;22.0;Novo Mercado;40.6%;1.0;0.8125;2024.0;0.7272727272727273;2024.0;-0.021374454560636802;0.4897670312568947;0.30182805559198234;0.03283344338571381;0.10000000000001275;0.055202183711041686;0.017349337953227018;-0.011383113954156587;
LIGT3;5.5;;-0.39;0.67;0.09;16.51;-14.67;-39.79;-1.05;-5.57;-4.52;2.89;0.15;-0.19;-0.11;0.29;-173.47;-22.64;-19.48;0.13;0.87;0.57;3.21;;6205227.53;8.18;-14.2;0.0;2049054282.0;75.407905925091;100.0%;8.0;Novo Mercado;99.87%;1.0;0.75;2024.0;0.7142857142857143;2024.0;-0.04468434074335592;0.11311405005353792;0.12102807275297667;0.0032642856086566585;0.04677498769079502;-0.38530591775325373;0.013889373582272713;-0.09158503781149363;
MDNE3;11.86;;7.59;0.77;0.31;33.17;13.91;12.34;6.73;6.59;-0.14;-0.02;0.94;1.37;-0.49;2.69;10.15;4.08;7.55;0.4;0.6;0.33;5.57;;6123302.68;15.39;1.56;0.37;1007025187.5;41.902460802583;--;0.0;Novo Mercado;63.07%;1.0;0.5454545454545454;2020.0;0.5454545454545454;2020.0;0.03327914688861355;0.40939649326742833;0.14656017824780787;0.11538378206879685;-0.5020273972603131;0.8496378192908647;-0.04921630094044516;0.060289130822771986;
PGMN3;2.86;10.34;-7.71;0.61;0.18;31.86;4.4;-1.83;3.21;5.71;2.5;0.47;0.14;1.09;-0.36;1.48;-7.86;-2.31;7.28;0.29;0.71;1.26;9.03;;6039504.38;4.72;-0.37;0.03;1549492115.6;48.640152565661;100.0%;0.0;Novo Mercado;28.85%;1.0;0.7;2024.0;0.7;2024.0;0.003185212457636144;1.6543209876553089;1.0484171322165228;0.05807831874599456;-0.0878938640132505;-0.13985524875319177;0.004193849021435492;0.019537996545768266;
TGMA3;25.92;4.51;9.15;2.09;1.47;19.68;14.88;12.15;7.47;7.08;-0.39;-0.11;1.11;4.3;-2.91;3.2;22.82;16.04;17.56;0.7;0.3;1.32;4.8;12.51;5651452.35;12.42;2.83;0.22;1710795556.8;28.203762787021;100.0%;0.0;Novo Mercado;48.48%;1.0;0.9411764705882353;2014.0;0.9285714285714286;2014.0;0.018106050569667076;0.042318861109146066;0.06597383523291644;0.04814173524327181;-1.8125000000005516;-0.446428571428535;-0.032205240174672856;0.024337506024680877;
PORT3;17.0;3.72;18.84;3.25;1.3;44.66;27.84;16.78;11.36;15.09;3.73;1.07;3.16;-52.06;-1.51;0.85;17.27;6.89;10.67;0.4;0.6;0.41;7.48;11.5;5617319.76;5.22;0.9;0.35;7479811300.0;25.746303862955;100.0%;0.0;Novo Mercado;43.48%;1.0;1.0;;1.0;;0.022083964373674547;0.01780869165325072;-0.006963388798144288;-0.003407430744811535;0.04786501377411456;0.04291500105197121;0.010385385385385026;-0.14522375696789702;
BMGB4;4.04;9.3;10.7;0.57;0.05;35.71;0.71;3.05;46.32;46.32;;;0.33;;-0.05;;5.32;0.5;;0.09;0.91;0.16;19.34;78.0;5081545.21;7.1;0.38;0.06;2356258940.44;41.377172712835;100.0%;20.0;Nível 1;17.73%;1.0;1.0;;1.0;;-0.021513740758436928;-0.22613437457920993;1875.9333328563496;-0.41045583685839304;;;0.012183629509964655;0.0;
JALL3;7.52;5.89;3.62;1.14;0.35;30.06;49.3;33.06;2.43;5.36;2.93;1.38;1.2;1.36;-0.57;2.96;31.57;9.61;15.97;0.3;0.7;0.29;;;5020733.12;6.58;2.08;0.0;2282634817.28;31.565124547543;100.0%;10.0;Novo Mercado;32.91%;0.875;1.0;;1.0;;-0.01944626332760757;0.12266356459572414;0.177581833786421;0.11201682881933617;-0.12000000000000544;0.24398523985237808;-0.01843075302790831;0.026539933341569677;2022.0
LOGG3;21.06;;13.2;0.58;0.35;98.51;124.48;69.23;7.34;12.14;4.81;0.38;9.14;3.54;-0.42;2.52;4.42;2.68;5.19;0.61;0.39;0.04;16.9;34.23;4998209.21;36.13;1.6;-0.21;2151471783.24;42.300717048689;100.0%;8.0;Novo Mercado;58.27%;1.0;1.0;;1.0;;0.018602855831417076;0.028819167681268576;0.0844989329143433;0.07193397518118338;-0.18105423987773794;0.19973249911359714;-0.07227689175432206;0.06571777927102285;
PNVL3;11.91;0.45;20.35;1.57;0.61;30.91;3.62;2.04;11.43;16.6;5.17;0.71;0.41;2.48;-1.48;1.71;7.73;2.99;6.9;0.39;0.61;1.47;12.06;8.04;4907010.53;7.57;0.59;6.66;1790995798.71;28.914739057271;--;10.0;Novo Mercado;47.41%;1.0;1.0;;1.0;;0.026430157412092425;-0.005753311258278937;-0.23136114852614598;-0.12223217526346897;0.07637503562269776;0.0795781399808222;0.00756578947368336;-0.003533878504672905;
BRBI11;15.48;8.53;11.15;2.09;0.17;17.13;2.9;9.24;35.57;31.03;-4.55;-0.27;1.03;;-0.18;;18.78;1.55;-2.15;0.08;0.92;0.17;;;4898994.47;7.39;1.39;10.72;1625333497.92;36.022962779336;100.0%;0.0;Nível 2;54.5%;1.0;1.0;;1.0;;0.10764651887289944;0.05009308892803377;0.012637013899286842;-0.0012167889961354206;-1.0045924225030234;-0.02107779226423223;0.09429903191106992;-0.37434094903341997;
FRAS3;16.21;1.49;13.48;2.27;1.11;34.03;15.05;9.57;8.57;8.3;-0.27;-0.07;1.29;3.14;-2.77;2.44;16.86;8.23;14.5;0.49;0.51;0.86;29.71;38.35;4855831.26;7.14;1.2;0.19;4376964920.03;26.458086594802;80.0%;0.0;Nível 1;33.08%;1.0;1.0;;1.0;;0.009730463196708783;0.010687202080022384;0.06023643746378293;0.03897171930756893;0.011223344556677839;-0.10629590766001795;-2.7654867256532434e-05;0.00015987210231793725;
BLAU3;12.28;3.44;6.96;1.12;0.72;39.36;29.85;23.41;5.46;5.78;0.32;0.07;1.63;1.91;-1.52;3.44;16.03;10.3;11.8;0.64;0.36;0.44;;;4811836.44;11.01;1.76;7.42;2202957570.92;40.426961749485;100.0%;4.0;Novo Mercado;16.63%;1.0;1.0;;1.0;;-0.017459074975323174;0.046196828944600865;-0.02266957244601797;0.05762781157139418;1.9380530973444907;0.5737704918032867;-0.24296675191817962;0.07087695211946166;
VITT3;8.24;1.15;10.85;1.87;1.26;37.83;15.21;14.38;10.25;11.43;1.18;0.22;1.56;3.23;-3.38;2.67;17.27;11.65;13.41;0.67;0.33;0.81;;;4698886.79;4.4;0.76;-0.43;1158948641.68;36.384910293898;100.0%;0.0;Novo Mercado;36.26%;1.0;1.0;;1.0;;0.010263929618769652;-0.009647820806910623;-0.03439187124376597;0.07496040164518458;-0.7500000000000507;-0.15670103092787568;-0.16556291390727162;0.09856115107913799;
LAVV3;8.03;8.22;9.12;1.27;0.73;32.98;20.09;22.11;10.04;8.1;-1.94;-0.25;2.02;1.44;-2.56;3.44;13.94;8.0;8.71;0.57;0.39;0.36;122.69;;4575681.18;6.32;0.88;0.14;1602260846.56;33.534676902029;100.0%;2.0;Novo Mercado;37.01%;1.0;0.875;2017.0;1.0;;0.0023070638343474226;0.15141437444540706;0.1009549795361433;0.030858763385756438;-0.24797843665767916;0.1147993151987714;-0.1999115435647808;0.07520120724345536;
JSLG3;11.3;2.8;8.68;1.92;0.31;18.55;17.05;5.27;2.68;6.9;4.22;3.03;0.46;2.62;-0.44;1.64;22.15;3.52;15.03;0.16;0.84;0.67;-3.66;;4507095.44;5.88;1.3;0.06;3236671181.4;40.863528034911;100.0%;0.0;Novo Mercado;22.06%;1.0;0.8;2017.0;0.8;2017.0;-0.019353356903767605;0.11304604486424052;0.12651186406342374;0.05627502606271606;-0.7566585956416114;-0.35603389444945976;-0.013801203934813766;-0.004433975336012641;
TASA4;14.34;9.73;7.85;1.64;0.84;38.11;17.69;11.8;5.24;6.26;1.04;0.33;0.93;3.72;-2.03;1.62;20.87;10.66;14.49;0.51;0.49;0.9;29.58;;4326604.06;8.75;1.83;-0.13;1812222158.44;32.663755450747;100.0%;14.0;Nível 2;60.39%;1.0;0.5625;2018.0;0.5;2018.0;0.0035537402906946625;0.17055475781877094;0.18256291773803124;0.11995453278865331;0.02002448828538661;-0.0840219727728847;-0.001803320131457009;-0.006728185959584243;
OPCT3;5.51;;13.5;1.39;0.46;22.65;16.79;5.27;4.24;8.01;3.77;1.23;0.71;5.3;-0.65;1.41;10.27;3.37;11.91;0.33;0.67;0.64;47.73;62.06;4002890.68;3.97;0.41;-0.08;1101777142.54;46.21572809691;100.0%;0.0;Novo Mercado;61.62%;1.0;0.5;2022.0;0.5;2022.0;-0.016106142722563943;0.5937722842881008;0.6243135685539887;-0.036255383178537826;-0.07215179103207481;0.005350800313666859;-0.004507628294035615;0.025008364001329886;
SOJA3;15.6;6.16;9.5;1.98;0.73;15.15;11.93;9.98;7.95;7.54;-0.4;-0.1;0.95;1.79;-2.66;2.27;20.81;7.66;10.68;0.37;0.5;0.77;53.23;;4000164.79;7.89;1.64;0.21;1827389085.6;37.46641388939;100.0%;0.0;Novo Mercado;39.66%;1.0;0.875;2017.0;1.0;;0.07262718636243326;0.11397998888269978;0.10671161083278613;0.09462196709726323;0.9140407405385544;0.1465677179963305;-0.2828241123039118;0.09500602893891452;
AERI3;0.78;;-8.86;1.19;0.25;12.62;9.03;-3.39;3.32;6.84;3.51;1.26;0.3;1.18;-0.78;1.46;-13.42;-2.86;10.53;0.21;0.79;0.84;;;3994060.09;0.66;-0.09;-0.04;969075067.74;61.544290480455;100.0%;9.0;Novo Mercado;18.28%;1.0;0.5714285714285714;2024.0;0.4;2024.0;-0.17260760242565631;0.5073713769932502;0.4582628313592556;-0.29283508727706387;-0.09491389667600802;0.0921027949727995;0.015122873345934762;-0.0296914418785148;
BMOB3;12.81;1.75;16.26;1.03;0.8;24.0;7.5;5.24;11.37;5.91;-5.46;-0.5;0.85;1.72;-2.39;3.35;6.35;4.92;4.52;0.78;0.22;0.94;;;3924033.74;12.41;0.79;-0.75;1114517294.52;29.023175514726;100.0%;9.0;Novo Mercado;96.13%;1.0;1.0;;1.0;;-0.4215615759609803;1.932524902554848;-0.034825056930417264;0.03209828946130777;-0.09442060085836368;0.16291143183476176;0.07838479809976562;0.15430190623388018;
AZEV4;1.59;;-6.34;1.91;0.44;11.5;-8.21;-8.58;-6.62;-7.65;-1.02;0.29;0.54;-6.86;-0.74;0.86;-30.05;-6.99;-43.18;0.23;0.77;0.82;43.23;;3749414.85;0.83;-0.25;0.01;266818639.35;80.412893515326;--;0.0;;32.43%;0.7647058823529411;0.5294117647058824;2024.0;0.42857142857142855;2024.0;0.0657246897117596;0.05945141347794891;0.24459483267370175;0.24839165567962196;0.09478536444829211;0.09176737160121307;0.03714026445424312;-0.158067274800482;2019.0
PTBL3;5.86;3.58;-20.52;2.16;0.27;39.65;6.96;-1.89;5.57;11.42;5.85;2.27;0.39;-36.86;-0.45;0.98;-10.54;-1.33;9.19;0.13;0.87;0.7;16.49;;3701137.12;2.71;-0.29;0.17;826183151.96;52.84932105;100.0%;1.0;Novo Mercado;38.67%;1.0;0.875;2024.0;0.8571428571428571;2024.0;0.015741050666693956;-0.06919154860681709;0.002144523332286097;0.05869323341286914;-0.02247917687408174;0.043052078881492095;-0.0034803206997083835;0.013263243024669968;
CLSA3;4.0;;-26.8;1.05;0.84;34.44;-16.03;-5.38;-8.99;-4.53;4.47;-0.52;1.44;1.77;-2.44;3.59;-3.92;-3.12;-12.16;0.8;0.2;0.58;;;3643977.09;3.81;-0.15;0.4;751704240.0;59.622526095694;100.0%;7.0;Novo Mercado;28.08%;1.0;0.2;2024.0;0.0;2024.0;-0.11133486766395939;0.13500884061631013;-0.7555959441361562;-0.030107315309186977;0.5701078582434578;0.06773584905661134;-2.9799999999993405;0.038407821229041295;
PINE4;4.6;7.26;6.84;0.99;0.05;15.73;8.85;7.58;5.86;6.05;;;0.52;;-0.05;;14.41;0.72;;0.05;0.95;0.1;8.44;;3620012.0;4.67;0.67;0.02;992921328.6;57.78578262775;100.0%;0.0;Nível 2;29.91%;0.9375;0.6875;2020.0;0.6428571428571429;2020.0;-0.18362002017371237;0.24238111833956966;0.2650488648975755;-0.18929203520611326;;;0.004057467634985601;-0.20000000000001417;2016.0
ROMI3;12.53;6.66;4.79;0.98;0.49;33.04;19.2;15.83;3.95;5.7;1.76;0.44;0.76;1.4;-1.26;2.31;20.47;10.2;11.62;0.5;0.5;0.64;18.8;43.87;3548092.0;12.78;2.62;0.34;1111837583.85;37.909364337227;100.0%;26.0;Novo Mercado;50.82%;1.0;0.8823529411764706;2016.0;0.8571428571428571;2016.0;-0.0005375280084797263;0.05761882096961757;0.09504068030191304;0.03148151630328222;-0.28656554712897153;0.04695174033739957;-0.018804347826085532;0.003238811378872608;
MATD3;6.5;0.99;23.42;1.5;0.48;33.42;19.87;4.92;5.79;7.95;2.15;0.56;1.15;3.03;-0.64;2.68;6.38;2.05;11.64;0.32;0.66;0.42;;;3371956.97;4.35;0.28;-2.22;2485143836.5;39.737142672999;100.0%;0.0;Novo Mercado;21.19%;1.0;1.0;;1.0;;-0.07370724789798933;-0.9161605335238141;-0.11584771850524;0.006757487171583643;0.239169139465929;0.2364935258222407;0.06469135802469772;0.012829823287341835;
TRIS3;4.59;2.99;8.03;0.64;0.32;24.05;30.15;11.03;2.94;5.55;2.61;0.57;0.89;0.65;-1.28;2.82;8.01;3.96;11.1;0.49;0.49;0.36;11.47;24.98;2974804.68;7.14;0.57;0.09;856574499.42;48.690745673932;100.0%;29.0;Novo Mercado;38.23%;1.0;0.9375;2011.0;0.9333333333333333;2011.0;0.010397095295352266;0.055844531063877545;0.06057463229974869;0.010300931820224735;-0.6646845540247133;16.09054593877103;-0.03270554147048377;0.020955288599810995;
DASA3;7.38;;-6.59;0.7;0.21;28.78;7.35;-5.93;5.31;13.89;8.58;1.13;0.39;3.2;-0.29;1.27;-10.61;-3.11;4.96;0.29;0.71;0.52;31.03;;2918326.41;10.55;-1.12;-0.04;5555662848.72;70.018378260766;--;0.0;Novo Mercado;9.54%;1.0;0.6875;2024.0;0.6428571428571429;2024.0;-0.01273320240372744;0.18829431438125988;0.14757147885281863;0.022774820765587123;0.04689492325855027;0.06847752682524333;0.023573573573576923;-0.04057629013226771;
WIZC3;6.3;7.07;10.36;2.19;0.44;58.84;37.07;9.26;2.59;2.85;0.26;0.22;0.96;-17.29;-0.57;0.9;21.18;4.24;22.73;0.2;0.59;0.46;12.37;-9.41;2709818.79;2.87;0.61;-0.27;1007415876.6;40.246204528949;100.0%;20.0;Novo Mercado;47.07%;1.0;1.0;;1.0;;-0.006857888822904168;-0.07875019600625133;-0.06591372233862758;0.10002890515468521;0.6143773383217825;0.4163562478835361;0.033371040723985335;1.639314928425469;
PRNR3;10.97;;-1891.24;2.26;0.71;20.94;9.2;-0.03;5.51;7.45;1.93;0.79;0.51;4.26;-1.44;1.49;-0.12;-0.04;13.66;0.31;0.67;1.39;28.03;;2651600.44;4.86;-0.01;18.78;512526704.29;42.065304248899;100.0%;0.0;Novo Mercado;80.23%;1.0;0.4444444444444444;2024.0;0.42857142857142855;2024.0;0.02944035820630897;0.01165926395939243;0.09540349905170586;0.123047934604537;-0.043775826446281085;0.1189700793812416;0.001404494382022392;0.03933438792893451;
DESK3;13.5;0.15;17.44;1.23;0.53;63.04;33.72;9.69;5.01;7.23;2.22;0.55;1.69;-22.16;-0.61;0.84;7.08;3.03;13.7;0.43;0.56;0.31;;;2456231.09;10.94;0.77;0.19;1556223948.0;49.131226234577;100.0%;0.0;Novo Mercado;28.92%;1.0;1.0;;1.0;;-0.004481016783444258;-0.13307790549168919;0.1955584939965349;0.02396138441146034;-0.16382978723409958;-0.09342105263158751;-0.06481481481483409;-0.21722365038559222;
SHUL4;6.64;4.4;7.67;1.89;0.99;27.03;17.56;15.32;6.69;51.93;-0.06;-0.02;1.17;2.51;-2.89;2.5;24.66;12.9;16.38;0.52;0.48;0.84;24.97;50.47;2356968.21;3.51;0.87;0.32;18443881950.2;33.023524377784;--;0.0;;56.59%;1.0;1.0;;1.0;;-0.014830061220178936;0.03799921405715301;0.01951183663365197;-0.02179111722449467;4.626395939080749;-1.0846684668467588;-0.022028127313101442;0.01912393712960747;
MBLY3;2.3;;-3.03;0.5;0.31;43.03;-14.31;-14.07;-2.98;-3.49;-0.52;0.09;0.43;0.89;-0.7;2.76;-16.44;-10.36;-12.24;0.63;0.37;0.74;;;2221496.03;4.62;-0.76;0.31;244926779.2;78.74677702803;100.0%;5.0;Novo Mercado;41.74%;1.0;0.0;2024.0;0.0;2024.0;0.009135200974420332;0.09216111687577122;-0.025895418300473927;-0.10878692491743192;0.7672413793104294;2.9272727272735843;-0.6079632465544832;0.13011789924973782;
CSED3;4.48;1.54;20.93;1.13;0.35;46.83;17.37;3.51;4.23;4.65;0.41;0.11;0.74;14.2;-0.44;1.12;5.42;1.65;16.5;0.3;0.7;0.47;15.05;-2.13;2209428.03;3.95;0.21;0.32;1633150632.96;52.990233405544;100.0%;0.0;Novo Mercado;12.39%;1.0;0.875;2020.0;1.0;;0.01651936365097173;-0.8989094874591633;0.09660439673858057;0.017534578076585428;-1.7372627372623746;-0.6738735098000223;0.006316812439260744;0.06603245663124135;
BRPR3;131.17;;-0.56;0.05;0.04;100.0;-336.36;-123.98;-0.21;0.06;0.27;-0.07;0.7;1.73;-0.05;1.12;-9.55;-6.86;-29.1;0.72;0.28;0.06;-7.12;;2066991.77;2447.95;-233.75;0.01;60919545.44;142.461619112174;100.0%;0.0;;142.02%;1.0;0.75;2024.0;0.7142857142857143;2024.0;0.0;0.1441509553685365;0.1093994577760522;0.10674941830670304;4.123611111108529;0.054603018473557086;-0.06810468794938773;0.04539596832253068;
MEAL3;1.94;;4.75;0.5;0.2;32.17;13.76;5.2;1.8;2.82;1.02;0.29;0.25;-6.09;-0.24;0.84;10.51;4.24;17.01;0.4;0.6;0.82;8.44;99.84;1922815.12;3.88;0.41;-0.02;555556888.2;49.360934163742;100.0%;17.0;Novo Mercado;91.87%;1.0;0.6;2021.0;0.5;2021.0;-0.025037001586413643;0.14244342019356626;0.43490590358341974;-0.31903913113493665;-0.029821073558642053;0.17830527441732502;0.011404916786348362;0.00784631331889929;
HBRE3;4.98;;9.74;0.27;0.12;82.3;160.69;34.6;2.1;6.14;4.05;0.52;3.37;122.53;-0.13;1.02;2.76;1.22;5.85;0.44;0.42;0.04;21.74;-8.7;1914683.94;18.5;0.51;-0.14;513881125.38;44.109726052295;100.0%;0.0;Novo Mercado;56.8%;1.0;0.875;2020.0;1.0;;-0.01860091459646096;-2.666888914655179;-0.9689663776436562;0.00133136621144625;-0.004631886884445824;0.056348169284506255;0.0031117397454041296;0.043568824856802246;
TFCO4;14.33;0.74;119.52;34.8;21.9;58.03;22.31;17.59;94.23;16.24;0.38;0.14;21.02;45.13;-75.7;3.15;29.11;18.32;25.18;0.63;0.37;1.04;22.58;27.5;1847620.85;0.41;0.12;6.8;2288758961.5;31.381250781046;--;0.0;Nível 2;5.66%;1.0;1.0;;1.0;;-0.0016449065684812636;0.04791670894809541;0.166196765098662;0.12052451539340003;0.25072886297374164;0.3410714285714016;-0.02409638554216398;0.005552308591466826;
ESPA3;1.0;;-17.92;0.41;0.16;36.92;13.07;-2.03;2.78;8.09;5.31;0.79;0.36;2.72;-0.27;1.16;-2.3;-0.88;5.68;0.38;0.61;0.44;36.16;;1839492.41;2.43;-0.06;-0.18;361423066.0;62.828654100044;100.0%;0.0;Novo Mercado;66.11%;1.0;0.625;2024.0;0.25;2024.0;-0.10383958495608225;1.6363118952748636;1.0261689872558453;-0.06546652577684087;0.06543703007517143;0.13034277687581008;-0.021381267738881937;0.02540477681366804;
BRIT3;3.09;1.05;10.55;0.94;0.44;46.79;21.28;11.15;5.53;8.45;2.92;0.5;1.18;3.43;-0.58;2.3;8.88;4.2;7.7;0.47;0.53;0.38;;;1777768.06;3.3;0.29;0.03;1387703290.44;54.612666599058;100.0%;0.0;Novo Mercado;21.12%;1.0;1.0;;1.0;;-0.04289073626336981;-0.06719145347202848;0.30515969047829783;0.03459489918563241;-2.336099585062553;0.011592571750144831;-0.10659898477159058;0.13766596785464635;
ETER3;7.37;3.52;7.82;0.64;0.36;26.5;6.94;5.02;5.66;6.98;1.32;0.15;0.39;1.46;-0.71;2.07;8.19;4.66;8.4;0.57;0.43;0.93;12.27;;1737251.62;11.5;0.94;-0.12;455293357.75;41.013794941543;100.0%;0.0;Novo Mercado;98.6%;1.0;0.7647058823529411;2019.0;0.7142857142857143;2019.0;-0.04702204256931164;-0.5681608133086146;0.060727536331315335;0.057218060842062046;0.05411519779801832;-0.545325779036678;0.024069517071670488;0.005128263440371317;
HBOR3;2.77;3.3;9.16;0.27;0.06;28.28;17.76;3.54;1.82;10.04;8.22;1.2;0.32;0.16;-0.16;3.03;2.9;0.7;4.2;0.24;0.6;0.2;11.84;;1706878.26;10.42;0.3;-0.37;370767469.44;55.217241507549;100.0%;17.0;Novo Mercado;49.01%;0.8823529411764706;0.7647058823529411;2019.0;0.7692307692307693;2018.0;-0.05055154857870825;0.12918815578870557;0.4169642095950601;0.031275342074361445;0.03384296250767416;0.06731245357760884;-0.0032957433290977667;0.007735025783417004;2018.0
PFRM3;4.93;;13.11;0.48;0.13;14.64;2.71;0.54;2.64;4.94;2.3;0.42;0.07;0.69;-0.44;1.37;3.69;0.99;10.16;0.27;0.67;1.82;13.77;;1496747.15;10.19;0.38;-0.28;610396970.89;42.54024854294;100.0%;0.0;Novo Mercado;70.67%;1.0;0.7058823529411765;2018.0;0.6666666666666666;2018.0;0.033323394548519625;-0.7967105263159445;-0.04755605455941547;-0.09521814921991856;0.014410621761656639;0.895865533230163;0.012079831932772178;-0.05882102030369807;
AURA33;31.5;6.09;8.7;1.31;0.53;36.53;24.61;12.67;4.48;5.69;1.21;0.35;1.1;3.52;-0.86;1.64;15.08;6.07;12.15;0.4;0.6;0.48;32.13;68.75;1472280.09;24.0;3.62;-0.24;2228387490.0;34.932122937699;--;0.0;;43.34%;1.0;1.0;;1.0;;0.08461841520694402;0.03694608079332817;-5.425198034691824;-1.0067101439633561;0.15210084033611904;0.12735426008969553;0.035462421922223486;0.026872064106108207;
DEXP3;12.77;3.06;7.52;1.74;0.85;20.55;15.24;8.86;4.37;3.92;-0.45;-0.18;0.67;1.89;-2.44;3.17;23.11;11.23;19.07;0.49;0.42;1.27;34.1;14.48;1471139.91;7.34;1.7;0.39;1198705864.35;36.710913205707;100.0%;0.0;Nível 1;99.61%;1.0;0.5294117647058824;2015.0;0.6;2015.0;0.0014405878119754245;0.11425203524821015;0.0878949522462611;0.07799256046673175;-0.27146493632081603;-0.1029974787561756;-0.03926816426815427;0.057523035433367564;
LOGN3;36.89;;10.27;4.03;1.14;22.7;17.34;16.83;9.97;12.19;2.22;0.9;1.73;13.12;-1.61;1.42;39.27;11.07;10.64;0.28;0.72;0.66;18.84;;1447353.03;9.14;3.59;0.06;3949399796.02;50.821568959789;100.0%;0.0;Novo Mercado;24.53%;0.9411764705882353;0.6470588235294118;2017.0;0.6428571428571429;2017.0;0.03820328694107311;0.19188041169742331;0.29248319274786216;0.06116688154466643;0.0033029246567488624;0.01881742135521125;0.02713505461767296;-0.04992307692307585;2016.0
SYNE3;4.5;;-17.51;0.45;0.17;50.09;32.3;-9.25;5.01;9.96;4.94;0.45;1.62;2.12;-0.19;4.01;-2.6;-0.97;2.94;0.38;0.36;0.11;1.23;;1361018.76;9.9;-0.26;0.17;686900002.5;36.981806429345;100.0%;0.0;Novo Mercado;38.61%;1.0;0.7058823529411765;2024.0;0.6153846153846154;2024.0;-0.03455175314584924;1.1692047377325143;-0.03959132907489327;0.024399211743952876;-0.018914473684210953;0.02800253551587284;-0.0323373676248091;-0.0026507849077389567;
PDGR3;0.33;;-0.03;0.0;0.02;60.91;-21.85;-681.34;-0.87;-47.16;-46.29;;0.19;-0.01;-0.11;0.22;-17.17;-87.98;2.46;-5.12;6.19;0.13;-23.6;;1313001.71;-69.17;-11.88;0.0;25669535.43;129.489229844183;100.0%;0.0;Novo Mercado;4.12%;0.8235294117647058;0.29411764705882354;2024.0;0.14285714285714285;2024.0;0.0899392633228846;0.06101796254131697;0.04152764390900443;0.07222649272275539;0.14004356507532156;0.09992238959617583;0.07057040100074441;0.7703792502182605;2016.0
AMAR3;2.55;;-0.29;1.62;0.07;35.54;-16.35;-26.68;-0.48;-3.52;-3.04;10.33;0.08;-0.53;-0.12;0.75;-554.09;-24.09;-27.15;0.04;0.96;0.9;-0.89;;1304280.15;1.57;-8.71;0.0;174849884.1;75.633933512257;100.0%;16.0;Novo Mercado;228.29%;1.0;0.5294117647058824;2024.0;0.42857142857142855;2024.0;-0.016766501641880205;0.10646966369788635;0.11438789685028738;-0.13726002621241296;0.08293273744695262;0.10235626921315721;0.023682042833612194;-0.09918478260869346;
EUCA4;16.41;3.96;5.53;0.69;0.38;32.81;12.52;10.36;4.58;6.13;1.55;0.23;0.57;2.43;-0.62;1.71;12.46;6.91;10.66;0.55;0.45;0.67;15.81;45.65;1302525.18;23.81;2.97;-0.22;1519881990.96;31.607226780212;--;0.0;Nível 1;74.79%;1.0;1.0;;1.0;;-0.0026826115061409084;-0.062056399752310254;0.07809841155644137;0.04575528563484066;0.023646351033216106;0.01977225672878169;0.00877906031539566;0.027439787692157713;
CSUD3;18.99;5.3;9.19;1.92;1.3;39.2;21.27;16.2;7.0;6.95;-0.05;-0.01;1.49;20.36;-1.81;1.29;20.92;14.16;17.83;0.68;0.32;0.87;1.99;13.82;1302106.47;9.87;2.07;0.35;793782000.0;36.681386027098;100.0%;0.0;Novo Mercado;44.26%;1.0;1.0;;1.0;;0.026214526552402306;0.054539621999458276;0.07561452248704237;0.059650390145219445;4.7476190476120355;24.314851485073063;-0.043862243819984714;0.014611040262340058;
VIVR3;3.77;;-1.0;5.16;0.34;24.2;-125.27;-123.97;-0.99;-0.94;0.05;-0.28;1.24;16.8;-0.65;1.04;-514.44;-33.76;-264.18;0.07;0.93;0.27;83.05;;1186175.76;0.73;-3.76;0.0;103097545.33;58.741077700801;100.0%;0.0;Novo Mercado;550.71%;0.5882352941176471;0.23529411764705882;2024.0;0.0;2024.0;0.03888061163466494;0.061083797249335436;-0.17407633144883772;-0.5283050515779981;-0.00827697985843745;0.8314756816507907;0.03432651379925722;-0.3354075917859046;2020.0
APER3;44.08;0.73;33.98;1.06;0.62;100.0;11.0;5.02;15.52;15.17;-0.35;-0.02;1.71;-28.39;-0.78;0.9;3.12;1.82;5.96;0.58;0.42;0.36;22.9;;1182501.55;41.62;1.3;-1.39;506044306.72;47.715309549495;100.0%;0.0;Novo Mercado;133.98%;1.0;0.6666666666666666;2020.0;0.6363636363636364;2018.0;0.0;0.11237760891553994;0.1870292715276729;0.4419494099556953;-1.2023512646953123;0.07338458784642943;0.03602235277260224;0.5572729781948604;
ELMD3;17.2;;41.34;3.01;1.03;45.4;20.78;6.65;13.23;16.4;3.17;0.72;2.75;85.13;-1.4;1.05;7.28;2.48;8.73;0.34;0.58;0.37;37.68;;1138092.26;5.72;0.42;-0.05;2407720551.6;45.947894061839;100.0%;0.0;Novo Mercado;37.63%;1.0;0.625;2021.0;0.75;2021.0;-0.009189002686516123;0.32312238719908826;0.3382619191309042;0.01124894796513587;-0.15545129028275662;0.10788194618432723;-0.06024096385541888;0.02741395065488983;
ENJU3;1.54;;-7.08;0.88;0.72;46.15;-41.92;-26.7;-4.51;-0.56;3.95;-0.77;1.89;1.21;-2.77;5.06;-12.45;-10.15;-19.55;0.82;0.18;0.38;32.86;;1095216.06;1.75;-0.22;0.13;312051105.52;63.27912848202;100.0%;1.0;Novo Mercado;74.82%;1.0;0.0;2024.0;0.0;2024.0;0.07042566165302233;-0.028861669961936065;-0.10563268544227455;-0.12302312938618187;-0.06541019955655725;0.05921922999306073;-0.6589861751152581;0.07274320771254095;
LAND3;15.33;8.84;10.49;2.08;1.6;94.35;60.72;145.06;25.06;26.77;1.71;0.14;15.21;-41.2;-1.63;0.35;19.83;15.22;-4.11;0.77;0.23;0.1;;;1013475.68;7.37;1.46;0.04;1475159327.46;32.365890678272;100.0%;0.0;Novo Mercado;31.81%;1.0;1.0;;1.0;;0.005758198022737471;0.1612255368136537;0.1935989564947096;-0.00520409104952535;0.2848101265822871;0.3025641025642054;0.04166666666665808;1.7979094076655548;
