Ticker;Nome da Empresa;Setor;Subsetor;Nota dos Usuários;Segmento de Listagem;Tag Along;Free Float;Vol Histórica;Tickers Opções;LIQUIDEZ MEDIA DIARIA;P/L;lpa_pos_years;lpa_last_negative_year;lpa_trend;P/ATIVOS;P/VP;vpa_trend;MARGEM BRUTA;margembruta_pos_years;margembruta_last_negative_year;margembruta_trend;MARGEM EBIT;MARG. LIQUIDA;margemliquida_pos_years;margemliquida_last_negative_year;margemliquida_trend;EV/EBIT;LIQ. CORRENTE;liquidezcorrente_trend;DIVIDA LIQUIDA / EBIT;dividaliquida_ebit_trend;DIV. LIQ. / PATRI.;dividaliquida_patrimonioliquido_trend;PASSIVOS / ATIVOS;passivo_ativo_trend;P. AT CIR. LIQ.;Div Br/ Patrim;Dív. Bruta;Disponibilidades;Dív. Líquida;Ativo Circulante;Patrim. Líq
VALE3;Vale;Mineração;Minerais Metálicos;4.3;Novo Mercado;100% ON;76,48% ON;26.264967128025;1032.0;1902180697.54;6.33;0.8571428571428571;2019.0;0.0885517739564041;0.67;1.58;0.0326941090638657;40.12;1.0;;-0.0101613079433241;31.07;23.03;0.8823529411764706;2019.0;0.0154499891043786;5.47;1.08;-0.0777045705860519;0.78;0.0103923570595074;0.26;-0.0406538139144951;0.56;0.0175636480825023;-0.81;0.37;70289000000.0;20168000000.0;50121000000.0;73474000000.0;190172000000.0
PETR4;Petrobras;Petróleo, Gás e Biocombustíveis;Exploração, Refino e Distribuição;3.7;Nível 2;100% ON - 100% PN;44,10% ON - 71,31% PN - 55,78% Total;30.211306806686;1381.0;1320740404.96;3.93;0.7142857142857143;2017.0;0.0961499797250637;0.52;1.39;0.0152344357814699;51.08;1.0;;0.0282502131287258;38.69;25.53;0.7647058823529411;2017.0;0.0449929399958106;3.78;0.95;-0.0359270626466939;1.15;0.0611168455821691;0.62;0.0283061594202933;0.62;0.0176445578231285;-0.61;0.79;305451000000.0;67147000000.0;238304000000.0;147311000000.0;386007000000.0
ITUB4;Banco Itaú;Intermediários Financeiros;Bancos;4.8;Nível 1;80% ON - 80% PN;9,08% ON - 87,46% PN - 47,82% Total;22.422112768784;435.0;698302247.58;10.1;1.0;;-0.0116844204055985;0.13;1.75;-0.0006839059558554;30.03;1.0;;-0.0397915027537457;9.92;8.3;1.0;;0.2319249934874518;7.83;;0.079203334877246;;;;;0.92;0.0014387339141557;-0.13;;;;;;175414000000.0
BBDC4;Banco Bradesco;Intermediários Financeiros;Bancos;4.3;Nível 1;100% ON - 80% PN;28,49% ON - 97,72% PN - 63,05% Total;28.054123313828;516.0;530880573.0;11.78;1.0;;-0.0912752972103383;0.09;0.98;-0.0100118628152183;30.94;1.0;;-0.0219962177399583;3.95;6.18;1.0;;-0.0251704768125361;17.4;11.4;0.1746852670976852;;;;;0.91;0.0033346198379009;-0.1;;;;;;160801000000.0
BBAS3;Banco do Brasil;Intermediários Financeiros;Bancos;4.7;Novo Mercado;100% ON;49,59% ON;22.731570419099;658.0;432997713.75;4.95;1.0;;0.060373089336571;0.07;0.99;0.056506588271167;32.66;1.0;;0.0071227942092602;15.94;12.4;1.0;;-0.004981099667536;3.84;14.76;-0.0816276632902549;;;;;0.92;-0.0028886168910647;-0.08;;;;;;160489000000.0
PRIO3;PRIO;Petróleo, Gás e Biocombustíveis;Exploração, Refino e Distribuição;4.7;Novo Mercado;100% ON;83,24% ON;35.697487826649;335.0;414400127.92;8.23;0.7142857142857143;2014.0;0.1980304425031811;1.31;2.91;0.3091397903718385;62.28;0.875;2016.0;0.0391473194817109;55.18;44.93;0.625;2014.0;0.5396556831312824;8.18;1.32;0.4102321188777498;1.48;0.1848426315191331;0.64;0.1851338873499561;0.55;0.0589557650471332;-1.6;0.82;10521700000.0;2225260000.0;8296450000.0;5086530000.0;12901100000.0
B3SA3;B3;Serviços Financeiros Diversos;Serviços Financeiros Diversos;4.6;Novo Mercado;100% ON;72,14% ON;34.289727822565;380.0;413418715.58;17.59;1.0;;0.0296183931325413;1.55;3.67;-0.0941589211666865;85.66;1.0;;-0.0100587641423501;51.52;40.19;1.0;;-0.0230453535575205;13.17;1.46;-0.0429074446680077;-0.62;-0.2349167822468678;-0.17;0.031072106261857;0.58;0.0564112903226006;-2.42;0.57;11577000000.0;14931000000.0;-3353960000.0;17212900000.0;20233800000.0
RENT3;Localiza;Diversos;Aluguel de carros;4.3;Novo Mercado;100% ON;79,91% ON;31.031483576246;155.0;391848366.0;37.3;1.0;;0.0044344180052342;0.78;2.29;0.064277025283894;29.04;1.0;;0.0100410629890743;19.78;5.75;1.0;;0.0027966354653785;16.18;1.02;-0.0079931030235832;5.31;0.0376120309889116;1.12;-0.0032894736842106;0.66;-0.0038863976083705;-0.98;1.46;36721000000.0;8494350000.0;28226600000.0;15103900000.0;25191500000.0
MGLU3;Magazine Luiza;Comércio;Eletrodomésticos;2.9;Novo Mercado;100% ON;42,60% ON;74.144253997029;607.0;324434918.46;-33.77;0.6153846153846154;2024.0;-0.161116697477241;0.36;1.41;-0.1581331574235499;28.51;1.0;;-0.0215478417515397;2.49;-1.06;0.5882352941176471;2024.0;0.0732310994184577;18.88;1.14;0.0126879026485313;4.43;0.5157845868151525;0.43;0.2619837460310807;0.74;-0.0274264705882317;-0.77;0.78;7403320000.0;3284850000.0;4118460000.0;19475800000.0;9532650000.0
LREN3;Lojas Renner;Comércio;Tecidos, Vestuário e Calçados;4.2;Novo Mercado;100% ON;89,13% ON;46.813787123173;238.0;248670308.96;16.42;1.0;;-0.3938549201459689;0.77;1.57;-0.0261855868360946;60.17;1.0;;0.0058791728070735;6.85;6.95;1.0;;-0.0020852592654848;15.53;1.7;0.0038427561837464;-1.21;0.1549575533304519;-0.11;0.6489955357144079;0.51;-0.0088415734391901;-1.85;0.22;2160820000.0;3273810000.0;-1112990000.0;11701900000.0;9765090000.0
ABEV3;Ambev;Bebidas;Cervejas e Refrigerantes;4.3;Tradicional;80% ON;27,98% ON;19.182316790029;311.0;229277103.33;13.68;1.0;;0.0268128957164819;1.5;2.29;0.0594565288543471;50.3;1.0;;-0.0365652396972566;22.59;18.29;1.0;;-0.0460905614294461;10.32;1.11;0.0315936825189491;-0.75;0.2148981019067914;-0.15;0.1576698476000138;0.34;-0.026323005209766;-2.06;0.04;3717670000.0;17641100000.0;-13923400000.0;37552700000.0;90254900000.0
HAPV3;Hapvida;Serv.Méd.Hospit. Análises e Diagnósticos;Serv.Méd.Hospit. Análises e Diagnósticos;2.4;Novo Mercado;100% ON;58,36% ON;79.783412177715;157.0;271325190.33;-28.56;0.5;2024.0;0.6103870254330481;0.39;0.6;-0.0209448717470653;24.41;1.0;;-0.0845544131825293;0.59;-3.8;0.7;2024.0;0.7342680600043865;216.66;1.05;-0.0073762989285542;34.32;0.1775605281579708;0.11;0.3834276284771227;0.34;-0.1901840490797467;-0.44;0.22;10898200000.0;5420110000.0;5478120000.0;8911270000.0;49114400000.0
RAIL3;Rumo Log;Transporte;Transporte Ferroviário;3.3;Novo Mercado;100% ON;53,14% ON;26.215257524444;136.0;254489791.13;44.22;0.6428571428571429;2017.0;0.2569043751704782;0.86;2.67;0.0348875380753164;36.76;1.0;;-0.0096053929872355;35.38;9.13;0.6875;2017.0;0.2500622723534345;14.68;1.99;0.0280470339941227;3.25;-0.6236957581667352;0.76;-0.0224583615946958;0.67;-0.0078904818367997;-1.12;1.2;19076300000.0;6970320000.0;12106000000.0;11464200000.0;15936700000.0
VBBR3;Vibra Energia;Petróleo, Gás e Biocombustíveis;Exploração, Refino e Distribuição;3.2;Novo Mercado;100% ON;71,82% ON;34.458026380262;151.0;172530048.75;13.29;1.0;;-0.1212862252719487;0.66;2.0;0.0545867007782656;4.58;1.0;;-0.0893672822642378;2.47;1.24;0.8181818181818182;2016.0;0.0663982283068251;9.01;2.31;0.0240060297719999;2.36;0.5598261926738044;0.71;-0.0348369188063835;0.67;0.003706245710364;-1.45;1.18;16003000000.0;6436000000.0;9567000000.0;22271000000.0;13555000000.0
BPAC11;BTG Pactual;Intermediários Financeiros;Bancos;4.2;Nível 2;100% ON - 100% PN - 100% UNIT;15,88% ON - 54,00% PN - 30,00% Total;31.917112056323;194.0;286362435.08;15.98;1.0;;-0.0052126496835183;0.33;2.96;-0.0131196474945564;19.88;0.8125;2020.0;-0.0612838192873141;23.13;19.91;1.0;;-0.0030945396879571;13.76;1.02;-19.06886517938153;;;;;0.89;-0.001273138453807;-3.4;;;;;;47772300000.0
EQTL3;Equatorial;Energia Elétrica;Energia Elétrica;4.6;Novo Mercado;100% ON;72,34% ON;21.897154309416;105.0;273329142.5;21.7;1.0;;0.0207328870080503;0.41;2.06;0.0094428110581634;30.07;1.0;;-0.0063649613872129;19.86;4.94;1.0;;-0.0046678100067107;10.22;1.19;-0.0045449165923366;4.8;0.0250386831934761;1.83;0.0474474978452978;0.77;0.0143573028226795;-0.54;2.31;45185100000.0;9297740000.0;35887400000.0;23859900000.0;19573900000.0
SUZB3;Suzano Papel;Madeira e Papel;Papel e Celulose;4.1;Novo Mercado;100% ON;54,19% ON;24.613117661974;310.0;179637691.0;3.95;0.5714285714285714;2020.0;0.1069069949541028;0.48;1.61;0.0324146256582538;42.65;1.0;;0.0346984114996375;37.39;38.93;0.625;2020.0;0.0709506196058624;7.66;2.82;0.0173447083237259;3.55;-0.0470896539331158;1.39;0.0597513793182387;0.7;0.0224968654844999;-0.65;1.88;78551000000.0;20473700000.0;58077300000.0;38226600000.0;41762300000.0
ELET3;Eletrobras;Energia Elétrica;Energia Elétrica;2.5;Nível 1;80% ON - 0% PN;44,10% ON - 61,54% PN - 46,22% Total;29.602064516215;221.0;233212896.71;29.33;0.6428571428571429;2017.0;0.1259004390995457;0.34;0.83;0.0055657844717587;49.99;1.0;;-0.02255503781344;39.25;9.09;0.6875;2017.0;0.1008013441902415;9.73;1.88;0.0030574062243309;2.83;0.0946294910179796;0.35;0.0019580022701477;0.59;0.0066582770850023;-0.43;0.63;71110700000.0;31951000000.0;39159700000.0;58035100000.0;113118000000.0
GGBR4;Gerdau;Siderurgia e Metalurgia;Siderurgia;4.0;Nível 1;100% ON - 100% PN;2,45% ON - 89,22% PN - 59,57% Total;28.487801539178;297.0;203585818.33;4.65;0.7857142857142857;2017.0;0.0817664385635263;0.5;0.75;-0.01430828206602;17.5;1.0;;0.0208847429553933;16.69;11.27;0.8125;2017.0;0.0678636024716228;3.52;2.93;-0.0014828155485516;0.45;0.935888122048667;0.11;-0.16018174308136;0.34;-0.0224141098658799;-0.83;0.23;11478100000.0;6002670000.0;5475410000.0;30891800000.0;50600900000.0
ITSA4;Itaúsa;Intermediários Financeiros;Bancos;4.3;Nível 1;80% ON - 80% PN;9,56% ON - 74,41% PN - 52,12% Total;20.865302774379;206.0;185544005.13;7.49;1.0;;0.0153562485432954;1.01;1.3;0.0145990152080157;33.55;1.0;;-0.0247872693115248;205.76;186.19;1.0;;0.0367896486784582;6.97;1.65;0.9694142654698956;0.19;0.0096741344195512;0.04;0.2418660086985451;0.18;1.1677631578945769;-1.15;0.14;11032000000.0;8208000000.0;2824000000.0;12675000000.0;79738000000.0
AZUL4;Azul;Transporte;Transporte Aéreo;1.7;Nível 2;100% PN;80,62% PN - 21,40% Total;78.852391962185;143.0;209945848.83;-14.15;0.1428571428571428;2024.0;-0.1309453445518419;0.88;-0.81;0.146154538023334;21.1;1.0;;0.018466602952107;12.33;-6.75;0.1818181818181818;2024.0;0.0677596147002153;13.42;0.42;-0.0686631016042784;11.28;0.1064498355218219;;-12.616402116433653;2.09;0.0707564766839305;-1.26;-1.25;26575100000.0;1399390000.0;25175700000.0;5931440000.0;-21286100000.0
RRRP3;3R Petroleum;Petróleo, Gás e Biocombustíveis;Exploração, Refino e Distribuição;3.2;Novo Mercado;100% ON;70,26% ON;47.456382363353;0.0;179551681.83;-174.36;0.2;2024.0;0.9151911726971262;0.33;1.24;0.104050035576686;31.72;1.0;;-0.1422919843461924;14.54;-0.87;0.125;2024.0;1.045710531255819;23.13;1.02;-0.3971291866028731;12.66;0.1889175328415122;1.5;0.2461010605114737;0.73;0.0617401215805559;-0.38;1.65;8556400000.0;796495000.0;7759910000.0;2555700000.0;5185410000.0
CPLE6;Copel;Energia Elétrica;Energia Elétrica;3.8;Nível 2;100% ON - 100% PN - 100% UNIT;57,50% ON - 55,72% PN - 56,50% Total;22.409723095264;111.0;133542912.67;15.09;1.0;;-0.0361110215017419;0.54;1.3;-0.1404965519251191;21.02;1.0;;-0.0224352918949516;13.52;9.07;1.0;;-0.0204424899567049;13.24;1.48;-0.0311788250013715;3.21;0.0555713620609326;0.41;0.0583932238192963;0.58;0.0260633194755353;-0.71;0.65;15140300000.0;5557890000.0;9582450000.0;13313700000.0;23253100000.0
SBSP3;Sabesp;Água e Saneamento;Água e Saneamento;3.7;Novo Mercado;100% ON;49,74% ON;26.840498660263;163.0;187860610.08;18.05;1.0;;0.0261547973364812;0.91;1.82;0.0411375368794346;35.05;1.0;;-0.0099815596682423;21.66;12.29;1.0;;-0.0121430890287054;13.3;1.0;0.0157091858658608;3.05;0.005281576570765;0.54;-0.0241814076025578;0.5;-0.0106964696853422;-1.04;0.64;19002900000.0;2975270000.0;16027600000.0;7120730000.0;29593900000.0
WEGE3;Weg;Máquinas e Equipamentos;Motores, Compressores e Outros;4.9;Novo Mercado;100% ON;35,37% ON;24.377277941704;252.0;180762494.13;27.71;1.0;;0.0026206317446131;4.58;8.54;-0.0723074704631706;31.56;1.0;;-0.0049499264211377;18.8;15.7;1.0;;0.0145600591836463;22.69;1.86;-0.0109749561488994;-0.48;0.0885638297872315;-0.18;0.0881220379146983;0.45;-0.0189308318264006;-14.76;0.18;2848570000.0;5723310000.0;-2874740000.0;20745900000.0;16123000000.0
CMIG4;Cemig;Energia Elétrica;Energia Elétrica;3.9;Nível 1;80% ON - 0% PN;5,91% ON - 77,12% PN - 53,31% Total;24.259535297301;121.0;133481479.88;3.75;1.0;;-0.0448954006246458;0.45;1.03;-0.0247411395447481;24.73;1.0;;-0.0646942975549574;21.11;18.52;1.0;;-0.0344055283827928;4.68;1.3;0.0215605749486642;1.04;-0.0324063033740432;0.32;-0.0824954969706832;0.56;-0.007807448209795;-0.59;0.5;12105900000.0;4168070000.0;7937840000.0;13919400000.0;24427800000.0
BBSE3;BB Seguridade;Previdência e Seguros;Seguradoras;4.5;Novo Mercado;100% ON;33,59% ON;18.86847292611;203.0;144046576.29;8.94;1.0;;0.0542215162645982;4.22;6.42;0.0219002116574917;;;;;;;;;;7.87;1.61;-0.0326155794806749;;;;;0.34;0.0336159017831012;-5.86;;0.0;0.0;0.0;0.0;10663200000.0
MRVE3;MRV Engenharia;Construção Civil;Incorporações;2.3;Novo Mercado;100% ON;62,65% ON;55.763399402893;279.0;196643031.17;-16.52;0.7857142857142857;2024.0;-0.5711053113807696;0.18;0.62;0.0286795127841883;21.73;1.0;;-0.0312812004463519;1.16;-3.61;0.8235294117647058;2024.0;-8.325892857129462;135.36;1.99;-0.0246411440700559;83.82;0.0841646466529877;1.01;0.055435018442175;0.68;0.0206620065789484;-0.32;1.12;7697060000.0;740097000.0;6956960000.0;10713300000.0;6862600000.0
EMBR3;Embraer;Material de Transporte;Material Aeronáutico e de Defesa;2.9;Novo Mercado;100% ON;73,67% ON;31.454767344362;110.0;119147788.96;-406.11;0.5;2024.0;0.1247975936427021;0.32;1.3;0.0347853690797497;18.0;1.0;;-0.0238260820926849;4.64;-0.15;0.5625;2024.0;0.1347979145314355;18.52;1.65;-0.01821492150834;5.16;0.0745021855269374;0.5;0.1010300550303553;0.73;0.0073428366321415;-0.73;1.12;14344300000.0;7923370000.0;6420940000.0;29537300000.0;12757400000.0
ASAI3;Assaí;Comércio e Distribuição;Alimentos;4.0;Novo Mercado;100% ON;78,41% ON;45.570980876521;106.0;152330604.0;19.36;1.0;;-0.2740451360862866;0.44;4.23;0.1103278162557062;16.45;1.0;;-0.0043299327614191;5.04;1.53;1.0;;-0.4044596912522101;8.95;0.79;-0.0395252225519306;3.1;0.0717075456959983;2.24;0.0704399999999978;0.9;0.0239876986160951;-0.65;3.26;14094000000.0;4417000000.0;9677000000.0;13215000000.0;4325000000.0
RADL3;RaiaDrogasil;Comércio e Distribuição;Medicamentos e Outros Produtos;4.8;Novo Mercado;100% ON;74,06% ON;22.837566959615;101.0;183505620.92;39.54;1.0;;0.0165280181982201;2.2;7.46;-0.1364748604806364;29.98;1.0;;0.0131412874006966;6.28;3.28;1.0;;-0.0091694707861736;21.91;1.47;-0.0409898013595362;1.2;0.1195248584015333;0.43;0.1004243281471102;0.7;0.0370710784313685;-5.29;0.54;3104470000.0;619524000.0;2484940000.0;11320800000.0;5721820000.0
NTCO3;Natura&Co;Produtos de Uso Pessoal e de Limpeza;Produtos de Uso Pessoal;1.8;Novo Mercado;100% ON;50,94% ON;46.512908439723;161.0;145281206.83;4.75;0.6666666666666666;2022.0;0.2550448438728117;0.45;0.8;0.1202359900934237;64.98;1.0;;-0.0051468812337308;-0.93;14.39;0.8823529411764706;2022.0;-0.3766168439206931;-71.68;1.82;-0.0039866640794512;1.84;-0.0122014091768327;-0.02;-0.0048555533866866;0.45;-0.0129472693032011;-0.68;0.22;6210900000.0;6773350000.0;-562448000.0;17463100000.0;28029100000.0
JBSS3;JBS;Alimentos Processados;Carnes e Derivados;3.5;Novo Mercado;100% ON;30,36% ON;31.691290910969;188.0;118663037.67;42.17;0.9285714285714286;2011.0;0.0813838186666666;0.24;1.21;0.0574531832763578;-5.62;0.8823529411764706;2024.0;-0.0962842340240992;-5.15;0.33;0.8823529411764706;2011.0;0.0592389172224545;-7.07;1.7;-0.003981210021322;-4.33;0.5580897956454824;1.92;0.0417609166011068;0.79;0.0197070731126451;-0.4;2.58;108114000000.0;27725100000.0;80388600000.0;86249200000.0;41972500000.0
UGPA3;Ultrapar;Petróleo, Gás e Biocombustíveis;Exploração, Refino e Distribuição;3.7;Novo Mercado;100% ON;54,88% ON;28.676313423053;142.0;133982843.17;14.35;1.0;;-0.0214770328838773;0.85;2.44;-0.0005190288897725;6.77;1.0;;-0.0174972348531418;3.25;1.68;1.0;;-0.0215530189245987;9.24;1.81;-0.0037459994180972;1.83;0.0381375528541199;0.6;0.0349666262135897;0.64;0.0116717920044724;-1.69;1.1;13909800000.0;6246320000.0;7663510000.0;18039100000.0;12701500000.0
ENGI11;Energisa;Energia Elétrica;Energia Elétrica;3.4;Nível 2;100% ON - 100% PN - 100% UNIT;22,39% ON - 57,05% PN - 43,44% Total;27.547101222877;62.0;174582678.42;13.72;1.0;;0.0731967961638488;0.35;1.92;0.0681994803020864;27.18;1.0;;-0.0278785303446535;21.15;6.23;1.0;;-0.0431043234854802;8.47;0.98;-0.0164673046251998;4.44;0.011660819765523;2.11;0.0307523405812624;0.77;0.0107054673721345;-0.46;2.58;31039100000.0;5586730000.0;25452300000.0;15282500000.0;12045000000.0
CYRE3;Cyrela Realty;Construção Civil;Incorporações;3.5;Novo Mercado;100% ON;56,50% ON;37.952703368541;145.0;126078189.92;9.97;0.8571428571428571;2018.0;0.0476761784161416;0.53;1.16;0.0282263052349729;32.09;1.0;;-0.0039457438565768;17.55;15.25;0.8823529411764706;2018.0;0.0277596401494533;10.9;2.93;0.0210148761359381;2.19;0.0187747440973156;0.29;-0.1463990554899613;0.5;-0.0228919631093574;-1.09;0.63;4926020000.0;2652030000.0;2273990000.0;8804030000.0;7782360000.0
ARZZ3;Arezzo;Comércio;Tecidos, Vestuário e Calçados;4.7;Novo Mercado;100% ON;54,88% ON;43.834218663149;122.0;177545937.54;18.02;1.0;;0.0627202814826819;1.23;2.4;0.0745471031594893;53.6;1.0;;0.0176344014784839;11.5;8.13;1.0;;-0.0363045290358405;13.64;1.23;-0.1075043809916435;0.82;0.2177400237061051;0.16;0.3184659090908226;0.48;0.0226331594752686;-2.35;0.38;1092500000.0;643566000.0;448935000.0;2683760000.0;2891400000.0
BRFS3;BRF;Alimentos Processados;Carnes e Derivados;2.5;Novo Mercado;100% ON;31,51% ON;58.789280658364;246.0;113108871.75;-6.51;0.5714285714285714;2024.0;0.1427231594670259;0.41;1.7;-0.0978435042593091;14.97;1.0;;-0.0368822950959797;-0.74;-6.84;0.625;2024.0;0.1328100263852427;-87.15;1.29;-0.027320168144257;-27.2;0.1094085970436025;0.77;0.0523376159885913;0.75;0.0267847927059978;-0.78;1.58;22328800000.0;11410400000.0;10918500000.0;28535400000.0;14121800000.0
RDOR3;Rede D'Or;Serv.Méd.Hospit. Análises e Diagnósticos;Serv.Méd.Hospit. Análises e Diagnósticos;3.3;Novo Mercado;100% ON;24,93% ON;39.664026671313;99.0;94201470.46;35.77;1.0;;0.1265960875709895;0.64;2.68;0.0894190040068763;17.33;1.0;;-0.0784963390191256;10.55;4.21;1.0;;-0.2756036636136604;14.7;2.7;-0.1057780096517664;0.48;-1.6183889340931774;0.09;1.8538011695908865;0.75;-0.0033865505563611;-1.19;1.48;33678600000.0;31636200000.0;2042410000.0;44719300000.0;22773400000.0
CSAN3;Cosan;Petróleo, Gás e Biocombustíveis;Exploração, Refino e Distribuição;3.9;Novo Mercado;100% ON;63,73% ON;29.394765828044;156.0;114567341.0;-73.33;0.8571428571428571;2024.0;-0.1269148157764287;0.25;1.83;-0.082627136710136;26.67;1.0;;0.0190790297666252;30.14;-1.14;0.875;2024.0;-0.010708156366476;6.62;1.62;-0.039326562357026;3.85;0.0073011183794053;2.55;0.0559876384238842;0.65;0.0050482387255996;-0.31;3.37;62256700000.0;15081400000.0;47175300000.0;28130600000.0;18481500000.0
SOMA3;Grupo Soma;Comércio;Tecidos, Vestuário e Calçados;4.4;Novo Mercado;100% ON;46,71% ON;54.25973382965;147.0;125043794.54;19.85;0.8;2020.0;0.2139683421271667;0.56;0.79;0.123617821012931;56.57;1.0;;-0.025179237659677;8.12;5.86;0.875;2020.0;-0.0302663438256692;17.03;1.76;0.0237310093039693;2.72;0.0544199628351524;0.15;-2.875000000000133;0.29;-0.2775041050903283;-0.82;0.17;1329080000.0;175946000.0;1153130000.0;3359780000.0;7637750000.0
CIEL3;Cielo;Serviços Financeiros Diversos;Serviços Financeiros Diversos;3.6;Novo Mercado;100% ON;40,38% ON;35.902361234502;206.0;144814888.42;6.94;1.0;;1.7978178852144096;0.14;1.12;0.0064847622717378;46.49;1.0;;-0.073720582410643;32.18;18.27;1.0;;-0.2637957565628583;5.57;1.17;-0.0095149253731346;1.63;0.0646557829874772;0.46;0.0746335896203769;0.85;0.0138607167004729;-1.2;0.54;6414380000.0;858056000.0;5556320000.0;85746300000.0;11970700000.0
CSNA3;CSN;Siderurgia e Metalurgia;Siderurgia;2.8;Tradicional;80% ON;45,31% ON;40.001887394533;254.0;109549573.38;-25.83;0.5714285714285714;2024.0;0.0583119088053456;0.26;1.28;0.0613383474011266;25.98;1.0;;-0.0123473317765413;10.23;-1.98;0.625;2024.0;-0.1925858416670824;10.95;1.53;-0.1175503018556038;5.95;-0.0232097367676202;1.53;-0.0021425540941875;0.77;-0.0064913801406151;-0.4;2.45;43574200000.0;16447200000.0;27127000000.0;31712500000.0;17762500000.0
ALOS3;Allos;Exploração de Imóveis;Exploração de Imóveis;3.6;Novo Mercado;100% ON;70,59% ON;28.047620416843;112.0;108349284.04;4.5;1.0;;0.0205274372983352;0.5;0.96;-0.0089044760945828;96.37;1.0;;0.0034306285376135;264.05;140.12;1.0;;-0.0135495894826968;2.11;1.58;0.0289917634216478;-0.28;0.1032310226081962;-0.11;0.1518551236749206;0.43;0.0178683385579936;-0.56;;0.0;1636600000.0;-1636600000.0;2787630000.0;14703000000.0
ENEV3;Eneva;Energia Elétrica;Energia Elétrica;3.2;Novo Mercado;100% ON;36,53% ON;30.154516445523;47.0;75308959.5;60.51;0.6428571428571429;2016.0;0.1506992971386029;0.41;1.55;0.0061835177697295;35.96;0.8125;2013.0;0.0628224582700902;23.06;3.43;0.5625;2016.0;0.2567989603467435;16.22;1.18;0.0161172499884392;7.2;0.1117206883019279;1.24;-0.0905164815793991;0.69;-0.0150025866528701;-0.53;1.83;23712000000.0;7645860000.0;16066100000.0;11306900000.0;12943500000.0
TIMS3;TIM;Telecomunicações;Telecomunicações;3.9;Novo Mercado;100% ON;33,40% ON;21.330427158523;35.0;89920629.5;18.68;1.0;;-0.0724755644859049;0.77;1.67;0.0616372985330402;51.02;1.0;;0.0066029570663077;17.14;9.81;1.0;;0.0331613320256796;10.78;0.79;-0.0244841023425755;0.1;-0.5735995232421502;0.02;-0.0336265084884466;0.54;-0.0122767857142872;-0.95;0.19;4837070000.0;4446240000.0;390829000.0;10836800000.0;25574100000.0
TOTS3;Totvs;Programas e Serviços;Programas e Serviços;4.4;Novo Mercado;100% ON;67,66% ON;30.504030062301;65.0;83959709.25;25.6;1.0;;-0.0339201030438193;2.24;4.15;0.0192961595814307;70.36;1.0;;0.0035696109644811;17.31;18.09;1.0;;0.0085242621310663;24.99;2.97;0.0028096291825918;-1.84;0.1047886323268163;-0.29;0.1138447971781393;0.43;-0.0052377892030847;-3.99;0.36;1708900000.0;3056730000.0;-1347830000.0;3849920000.0;4712480000.0
VIVT3;Telefônica Brasil;Telecomunicações;Telecomunicações;4.3;Tradicional;80% ON - 0% PN;21,41% ON;19.462502485243;99.0;101165352.29;17.69;1.0;;-0.0887155548511534;0.72;1.24;-0.0360628765396466;42.85;1.0;;-0.0022596457938017;14.76;9.61;1.0;;-0.0262593578280249;13.27;0.92;-0.0093663765654842;1.76;0.0619204756190758;0.19;0.0433212996389931;0.42;-0.004900644468314;-0.86;0.26;17754400000.0;4556630000.0;13197800000.0;19401300000.0;69269900000.0
KLBN11;Klabin;Madeira e Papel;Papel e Celulose;4.2;Nível 2;100% ON - 100% PN - 100% UNIT;36,08% ON - 73,65% PN - 59,73% Total;22.243452656136;158.0;64735351.46;8.24;0.8571428571428571;2020.0;0.0351779481554748;0.46;2.13;-0.6715641851699308;39.1;1.0;;0.0129609183736434;24.14;15.48;0.875;2020.0;0.0226921435683506;9.93;2.16;0.0005334946650534;4.65;-0.6223531450356801;1.87;0.0576493638316426;0.74;0.0179354043826451;-0.62;2.57;28734800000.0;7853130000.0;20881700000.0;13576600000.0;11159900000.0
CRFB3;Carrefour;Comércio e Distribuição;Alimentos;3.4;Novo Mercado;100% ON;25,21% ON;47.111515667166;63.0;88489029.83;29.84;1.0;;-0.1341564577597968;0.26;1.16;0.0547473667157463;19.28;1.0;;-0.0074017948050089;4.13;0.7;1.0;;-0.0400195455656064;8.7;0.91;-0.0100877192982461;3.69;0.1297651135926325;0.85;0.1208156329651735;0.76;0.0088253573648251;-0.47;1.05;20773000000.0;3951000000.0;16822000000.0;38488000000.0;19775000000.0
GOAU4;Metalúrgica Gerdau;Siderurgia e Metalurgia;Siderurgia;4.1;Nível 1;100% ON - 100% PN;12,46% ON - 74,23% PN - 52,39% Total;26.652757719844;104.0;88731717.46;3.79;0.7857142857142857;2017.0;0.0991995363194744;0.13;0.58;-0.0822371999808242;17.5;1.0;;0.0208847429553933;16.6;3.8;0.8125;2017.0;0.0719591045960688;1.25;3.02;0.0031937648334261;0.38;0.6280729897735462;0.25;-0.1918760195758894;0.33;-0.0326091063669027;-0.23;0.64;11478100000.0;6979870000.0;4498200000.0;31899900000.0;17948100000.0
BRKM5;Braskem;Químicos;Petroquímicos;1.5;Nível 1;80% ON - 0% PN;2,86% ON - 33,94% PN - 16,33% Total;50.817160848278;207.0;55132952.33;-2.96;0.4285714285714285;2024.0;0.2210371450877544;0.15;2.78;-0.0554106615625388;2.65;1.0;;-0.015239916442358;-4.95;-6.47;0.5;2024.0;0.1715833762145588;-10.59;1.54;0.0269022426973131;-6.61;0.073399036110815;4.75;0.0392434375422352;0.95;0.0153677116905979;-0.26;8.47;42527800000.0;18679300000.0;23848500000.0;37275800000.0;5022600000.0
USIM5;Usiminas;Siderurgia e Metalurgia;Siderurgia;2.6;Nível 1;80% ON - 0% PN;7,71% ON - 69,04% PN - 34,52% Total;29.715821218385;239.0;100449865.04;-31.47;0.5714285714285714;2024.0;0.1309275305179738;0.28;0.49;-0.0081617004232944;8.47;1.0;;0.0235070532366468;-2.09;-1.27;0.625;2024.0;0.0632747306165371;-19.19;3.43;0.0220080739679697;-0.58;0.0637005649717519;0.01;-0.1793103448276146;0.35;-0.0087482913493454;-0.54;0.26;6068700000.0;5720300000.0;348399000.0;18886200000.0;23446300000.0
HYPE3;Hypera Pharma;Comércio e Distribuição;Medicamentos e Outros Produtos;4.7;Novo Mercado;100% ON;48,02% ON;28.962692569484;117.0;93024749.08;11.21;0.9230769230769232;2011.0;0.0711216539840955;0.82;1.74;0.0315395461727932;63.15;1.0;;0.0027855396914802;32.88;21.6;0.9375;2011.0;0.0473389134365471;10.19;1.89;-0.0036270093326919;2.83;-0.0165881891308632;0.67;0.0540353307931955;0.53;0.0041568890378809;-1.23;0.86;9839350000.0;2218400000.0;7620950000.0;8101970000.0;11388400000.0
IRBR3;IRB Brasil;Previdência e Seguros;Seguradoras;1.6;Novo Mercado;100% ON;67,06% ON;54.644684422867;310.0;69323917.08;87.91;0.5714285714285714;2022.0;0.7414219601473699;0.15;0.79;0.1703177582160415;-1.79;0.5454545454545454;2024.0;0.2495170178282248;-8.51;0.58;0.7272727272727273;2022.0;0.3813409535904675;-6.01;0.83;-0.0074725274725283;;;;;0.81;0.0081858407079653;-0.4;;0.0;0.0;0.0;0.0;4169510000.0
BEEF3;Minerva;Alimentos Processados;Carnes e Derivados;3.7;Novo Mercado;100% ON;38,55% ON;42.52306977538;205.0;72762385.58;11.24;0.6;2018.0;0.4878265225843319;0.16;6.54;0.5770465105907754;19.88;1.0;;0.0020011151252221;7.42;1.32;0.625;2018.0;0.3884610431423758;6.39;1.87;-0.0214754172508929;4.38;-0.0156882073749562;14.28;0.0493547679772934;0.96;0.0125529622980269;-0.38;30.93;19421700000.0;10457300000.0;8964440000.0;15167900000.0;627948000.0
MRFG3;Marfrig;Alimentos Processados;Carnes e Derivados;2.9;Novo Mercado;100% ON;35,85% ON;41.878404680765;239.0;54592172.67;-3.9;0.3571428571428571;2024.0;0.1270754757821102;0.06;1.38;-0.028854860391363;10.02;1.0;;-0.0045625927897148;0.14;-1.59;0.4375;2024.0;0.1730269413629162;212.55;1.22;-0.0264904198736832;168.23;0.0854924823719969;5.25;0.0501777319260672;0.8;0.004024822176039;-0.11;9.09;55695300000.0;23542200000.0;32153100000.0;54065100000.0;6129530000.0
VIVA3;Vivara;Tecidos, Vestuário e Calçados;Acessórios;4.7;Novo Mercado;100% ON;54,59% ON;34.485691044344;33.0;84657875.38;20.59;1.0;;0.0882177035181444;2.61;4.2;0.121567809416174;69.55;1.0;;-0.0015706263856946;21.53;18.65;1.0;;-0.115400843881856;17.96;3.01;0.0251748251748262;0.15;1.1472140762463292;0.04;0.9428571428570732;0.38;-0.0323529411764745;-6.11;0.15;274382000.0;206834000.0;67547500.0;1733660000.0;1876600000.0
TRPL4;Trans Paulista;Energia Elétrica;Energia Elétrica;3.3;Nível 1;80% ON - 0% PN;0,77% ON - 46,24% PN - 28,44% Total;20.983301165226;48.0;48858225.0;7.21;1.0;;-0.0330235995846042;0.48;0.95;-0.033640428907898;59.76;1.0;;0.0078742369378992;62.57;41.02;1.0;;0.0355287185726005;7.24;1.9;0.0221634967786801;2.0;0.0406962722172616;0.4;0.0041819132253015;0.47;0.0221192264663563;-0.58;0.5;9073800000.0;1856180000.0;7217610000.0;5844500000.0;17977200000.0
EGIE3;Engie;Energia Elétrica;Energia Elétrica;4.8;Novo Mercado;100% ON;21,43% ON;16.756863131339;121.0;60289940.63;9.64;1.0;;0.0387111512789821;0.83;3.85;0.0048642814395911;53.44;1.0;;-0.0109783051560284;56.36;30.27;1.0;;-0.0213406670903815;7.53;1.09;0.0162536739841834;2.35;0.043087450707498;1.75;0.0572048032021306;0.76;0.0202879581151829;-0.98;2.12;17855700000.0;3085250000.0;14770400000.0;6324340000.0;8436830000.0
RAIZ4;Raízen;Petróleo, Gás e Biocombustíveis;Exploração, Refino e Distribuição;3.2;Nível 2;100% ON - 100% PN;55,92% PN - 7,34% Total;40.850926064792;105.0;41891863.96;11.61;1.0;;0.0498187563900054;0.35;1.72;0.0388104951068926;7.99;1.0;;0.0988625363020323;4.97;1.52;1.0;;0.0461229946524173;6.37;1.06;-0.0168539325842703;2.84;0.0070318282753509;1.38;-0.0376602564102539;0.79;-0.0219638242894095;-0.61;2.18;48102400000.0;6583320000.0;41519100000.0;57887700000.0;22074200000.0
CCRO3;CCR;Transporte;Exploração de Rodovias;3.3;Novo Mercado;100% ON;39,26% ON;23.502244750068;46.0;60842027.88;28.38;1.0;;-0.0703695548089695;0.5;2.09;0.0400452207433179;42.94;1.0;;-0.0151294275679088;30.38;5.64;1.0;;-0.1202392295996065;9.77;1.13;0.0324897959183694;4.5;0.0356403837527383;1.79;0.0072714609089323;0.75;0.0019652738027091;-0.64;2.39;30258900000.0;7604250000.0;22654700000.0;11316200000.0;12677100000.0
BRAP4;Bradespar;Mineração;Minerais Metálicos;3.4;Nível 1;100% ON - 80% PN;22,08% ON - 67,69% PN - 51,68% Total;26.63610471689;159.0;69526948.63;4.09;0.7857142857142857;2019.0;0.0814596811164247;1.07;1.08;-0.0161539245864763;;1.0;;0.0458670889931207;;;1.0;;0.1203122196303969;3.85;5.31;-0.0222449019139203;-0.24;-588.8073394407994;-0.06;0.1930909870456059;0.01;0.4035773463059142;-1.15;;0.0;503064000.0;-503064000.0;565717000.0;8023720000.0
MULT3;Multiplan;Exploração de Imóveis;Exploração de Imóveis;4.6;Nível 2;100% ON - 100% PN;40,00% ON;25.241607147753;71.0;80695185.83;17.13;1.0;;-0.0556211895071345;1.52;2.38;-0.1000133862679586;92.65;1.0;;0.0036359257293492;74.87;48.73;1.0;;0.0232184255092071;12.46;1.12;-0.0613643628924063;1.3;0.0509016981583392;0.28;0.045933658865126;0.36;0.0130709768095573;-1.75;0.38;2634520000.0;728332000.0;1906180000.0;1437370000.0;6899850000.0
CVCB3;CVC;Viagens e Lazer;Viagens e Turismo;1.5;Novo Mercado;100% ON;76,55% ON;77.187112069064;191.0;65617910.04;-3.37;0.5454545454545454;2024.0;0.1635668196758026;0.4;3.7;-0.5662671814016925;100.0;1.0;;-0.0027913209361478;-7.43;-37.97;0.6666666666666666;2024.0;0.1097361401464107;-21.37;0.84;-0.027872535152673;-4.16;0.0881980911495241;0.9;0.1186038642554674;0.89;0.0032813125250104;-0.89;1.73;756601000.0;365980000.0;390621000.0;2214920000.0;436424000.0
YDUQ3;Yduqs;Diversos;Serviços Educacionais;3.5;Novo Mercado;100% ON;64,33% ON;63.023587698811;108.0;69214901.0;30.75;0.9285714285714286;2022.0;-0.1767327224712414;0.59;1.79;0.008399053621771;59.29;1.0;;0.0327090076451919;17.03;3.75;0.9411764705882352;2022.0;-0.0331047805043714;11.62;1.52;-0.0834149326805441;4.87;0.0960526315789525;1.29;0.0926806581012642;0.67;0.040380952380961;-0.8;1.65;5344630000.0;1181640000.0;4162990000.0;2561060000.0;3239030000.0
COGN3;Cogna;Diversos;Serviços Educacionais;2.6;Novo Mercado;100% ON;75,57% ON;45.072728521819;320.0;75539263.83;-16.75;0.6428571428571429;2024.0;0.2532264896521885;0.2;0.41;-1.134078177731141;64.83;1.0;;0.0317702897958604;9.61;-5.26;0.5625;2024.0;0.1605448438201877;20.3;1.21;-0.258219178082153;11.13;0.065726959316239;0.5;0.0870129870129963;0.48;0.0369403508771946;-0.24;0.61;7373550000.0;1296110000.0;6077440000.0;4390950000.0;12083300000.0
GOLL4;Gol;Transporte;Transporte Aéreo;1.4;Nível 2;100% PN;51,85% PN - 5,46% Total;79.836778539355;167.0;91560268.21;76.75;0.2857142857142857;2022.0;0.8988818854293541;0.47;-0.37;0.1181530585863122;29.03;0.9411764705882352;2021.0;0.0140075077460859;15.11;0.58;0.3529411764705882;2022.0;0.054001393993148;3.8;0.25;-0.3761682242990884;3.41;0.1597887723277828;;0.1526341111378899;2.28;0.0492938676887215;-0.6;-0.47;10419400000.0;904929000.0;9514450000.0;3539100000.0;-22029000000.0
AURE3;Auren;Energia Elétrica;Energia Elétrica;4.0;Novo Mercado;100% ON;30,20% ON;15.374421968305;25.0;52601295.83;6.35;1.0;;-0.1683462229513445;0.41;0.92;-0.0469438204154279;21.1;1.0;;-0.2178473177441722;24.36;34.01;1.0;;0.1191632717016653;9.77;1.92;0.0946356275303703;0.9;-1.1957142857141925;0.09;14.749999999996447;0.55;0.0018315018315016;-0.55;0.44;6212670000.0;4904740000.0;1307930000.0;7789640000.0;13962400000.0
RECV3;PetroReconcavo;Petróleo, Gás e Biocombustíveis;Exploração, Refino e Distribuição;3.8;Novo Mercado;100% ON;43,43% ON;46.742684306814;26.0;66850438.38;6.94;1.0;;0.1769853803748473;0.93;1.46;0.1511913637330821;37.04;1.0;;0.0310466760961705;31.28;32.08;0.8571428571428571;2020.0;0.1091425927149873;7.34;1.12;-0.0145114479200264;0.22;1.2909460834181887;0.04;1.5454545454535338;0.36;0.0178282009724466;-1.15;0.21;919560000.0;720895000.0;198665000.0;1296350000.0;4429210000.0
SLCE3;SLC Agrícola;Agropecuária;Agricultura;4.5;Novo Mercado;100% ON;43,86% ON;24.865426760559;87.0;48580516.17;7.41;1.0;;0.0699505585244684;0.51;1.64;-0.0370758504816288;31.62;1.0;;0.0232029949326308;24.57;11.95;1.0;;0.0537969851213835;5.05;1.97;0.0139452467440392;1.45;-0.4401823579304411;0.66;0.0482035206173212;0.67;0.0287902968400921;-0.99;0.98;5081930000.0;1662810000.0;3419120000.0;7972230000.0;5197090000.0
VAMO3;Vamos;Diversos;Aluguel de carros;4.5;Novo Mercado;100% ON;39,23% ON;47.228328141527;86.0;48972629.21;13.65;1.0;;0.0720959575793434;0.46;1.81;0.1287009877858169;44.4;1.0;;0.0005535660588831;34.31;10.72;1.0;;-0.1015132763276379;8.5;2.03;0.1016094324396923;4.23;0.0105353829843632;1.79;-0.0395271518285819;0.75;1.577215657312169;-0.65;2.13;10415300000.0;1663400000.0;8751900000.0;5600510000.0;4878780000.0
IGTI11;Iguatemi;Exploração de Imóveis;Exploração de Imóveis;2.4;Nível 1;100% ON - 100% PN - 100% UNIT;26,03% ON - 76,52% PN - 44,15% Total;26.5751435301;54.0;62932658.75;34.96;1.0;;2.5312195452083897;1.34;2.34;46.69545526204294;61.96;1.0;;0.0134584771507286;51.62;24.53;0.875;2015.0;0.0768207836564283;13.89;1.71;-0.4083240223463606;3.14;-0.0398325852906332;0.44;1.7824351297409442;0.43;-0.0425639178970101;-1.66;0.7;2898910000.0;1059980000.0;1838930000.0;1409750000.0;4153350000.0
LWSA3;Locaweb;Programas e Serviços;Programas e Serviços;3.2;Novo Mercado;100% ON;51,84% ON;59.882121874265;83.0;62646504.38;-361.93;0.4;2024.0;0.9210672595888728;0.71;1.1;-0.0205416233801145;45.45;1.0;;0.009047591206734;5.86;-0.71;0.5555555555555556;2024.0;-0.7422680412371678;29.7;1.45;0.0843421471806189;-14.17;0.1203098059607741;-0.35;0.3502587322122077;0.35;-0.2737711522965416;-1.23;0.02;70052000.0;1107020000.0;-1036960000.0;1900270000.0;2921510000.0
CPFE3;CPFL Energia;Energia Elétrica;Energia Elétrica;4.5;Novo Mercado;100% ON;16,29% ON;22.40224000832;59.0;67984015.29;7.61;1.0;;0.0615947876032136;0.55;2.25;0.0317270588422782;33.17;1.0;;-0.0034070660610425;28.29;13.44;1.0;;0.0130688108945964;5.34;0.85;-0.0168235447919717;1.72;-0.056744263755847;1.07;-0.0256763863729276;0.74;0.0057792144186497;-0.72;1.38;25129600000.0;5703710000.0;19425900000.0;16947000000.0;18172700000.0
SMTO3;São Martinho;Alimentos Processados;Açucar e Alcool;4.0;Novo Mercado;100% ON;44,10% ON;33.379788822157;79.0;51482726.83;7.9;1.0;;0.05682510661309;0.51;1.63;-0.0354299545244736;30.78;1.0;;0.0133202780940824;37.91;19.59;1.0;;0.0434797468084096;6.88;2.17;0.0346730097927177;2.79;-0.0791975577845635;1.11;0.0472858431018896;0.69;0.0150408606599754;-0.73;1.48;9140080000.0;1613000000.0;7527080000.0;6119890000.0;6167340000.0
SMFT3;Smart Fit;Viagens e Lazer;Atividades Esportivas;3.3;Novo Mercado;100% ON;31,37% ON;41.234291274842;10.0;52158141.92;31.98;0.4285714285714285;2022.0;-0.0314738383703843;1.1;3.07;2.253392032272481;40.84;0.9;2020.0;0.0099159041448724;32.69;21.35;0.3;2022.0;-4.859442060086218;21.94;1.47;0.0482124874118776;1.01;-11.54166666670629;0.15;1.71839080459683;0.64;-0.0139880102769083;-1.49;0.74;3464520000.0;2767010000.0;697511000.0;3471320000.0;4713060000.0
CMIN3;CSN Mineração;Mineração;Minerais Metálicos;4.0;Nível 2;100% ON;8,72% ON;35.032487124976;82.0;49902953.08;11.89;1.0;;-0.385253290066787;1.24;3.2;-0.0620754076086931;46.73;1.0;;-0.016958313627456;30.79;17.76;1.0;;0.0015986838020736;6.46;2.96;0.094501646588023;-0.41;0.265343431705354;-0.19;0.1942405420666129;0.61;0.0656836461126091;-2.27;0.74;8448120000.0;10634200000.0;-2186060000.0;13472900000.0;11444200000.0
POMO4;Marcopolo;Material de Transporte;Material Rodoviário;3.5;Nível 2;100% ON - 80% PN;18,63% ON - 77,50% PN - 56,26% Total;35.939154402853;23.0;53508202.13;9.76;1.0;;0.0118691477863006;1.02;2.31;0.0227429589123646;21.68;1.0;;-0.0132793709528219;11.16;12.41;1.0;;0.0142730725052164;11.4;2.16;0.0015602979665794;1.44;0.0033352523027629;0.31;-0.1797900262467497;0.55;-0.0191241685144083;-2.59;0.73;2464320000.0;1431250000.0;1033070000.0;4614030000.0;3369750000.0
PETZ3;Petz;Comércio;Produtos Diversos;3.6;Novo Mercado;100% ON;64,49% ON;54.447334156335;255.0;49993814.13;45.62;1.0;;-0.4637729549248814;0.37;0.81;0.1105025043701746;46.61;1.0;;0.0044766776318254;4.46;1.02;1.0;;-0.1878691141261215;10.34;1.9;0.0366168127900976;-0.11;0.3778511404561695;-0.01;0.7031249999997835;0.55;-0.0570054945054872;-0.56;0.25;456429000.0;471765000.0;-15336000.0;1368760000.0;1801540000.0
TAEE11;Taesa;Energia Elétrica;Energia Elétrica;4.2;Nível 2;100% ON - 100% PN - 100% UNIT;37,00% ON - 93,55% PN - 61,23% Total;14.284260849737;150.0;50064641.0;11.03;1.0;;-0.0023942968415051;0.65;1.9;-0.0360379033381802;68.87;1.0;;-0.0178367884784709;71.85;44.57;1.0;;0.003102258634877;11.39;2.71;0.0219958608886632;4.55;0.026426005059847;1.26;0.0276641620385509;0.66;0.0141139697042511;-0.83;1.51;10067700000.0;1674800000.0;8392940000.0;4217840000.0;6652330000.0
MOVI3;Movida;Diversos;Aluguel de carros;4.0;Novo Mercado;100% ON;34,24% ON;55.714722499653;62.0;38125083.0;-74.72;0.75;2024.0;-0.0711067752355579;0.15;1.1;0.0235453999600816;32.22;1.0;;0.0264691955595317;18.17;-0.42;0.8181818181818182;2024.0;-0.1003742203742269;7.8;1.21;0.0733036707452863;6.08;1.9965875988352304;3.85;0.0957006975269381;0.86;0.0315356959424759;-0.2;4.52;13676900000.0;2011130000.0;11665700000.0;4746490000.0;3027690000.0
SANB11;Santander;Intermediários Financeiros;Bancos;3.8;Tradicional;100% ON - 100% PN - 100% UNIT;9,10% ON - 10,20% PN - 9,64% Total;22.860044197167;91.0;66093873.38;11.63;1.0;;0.0725079742692884;0.1;0.96;0.0753746524947711;16.51;1.0;;-0.0298557056836602;6.05;9.32;1.0;;0.0076037840551761;17.94;;0.2857142857142858;;;;;0.9;0.0068325348432072;-0.1;;;;;;84726300000.0
GFSA3;Gafisa;Construção Civil;Incorporações;1.6;Novo Mercado;100% ON;55,12% ON;97.066711981981;107.0;81545217.21;-3.6;0.2142857142857142;2024.0;0.0295104305398377;0.15;0.46;0.0689363728094516;3.46;0.8823529411764706;2017.0;-0.1501461358187419;-23.01;-18.28;0.3529411764705882;2024.0;0.050913195156981;-9.16;2.03;-0.0331876945176005;-6.19;0.057611083984377;1.0;0.0147006834786702;0.68;0.0032210834553438;-0.49;1.16;1962690000.0;269831000.0;1692860000.0;3656210000.0;1687910000.0
PCAR3;GPA;Comércio e Distribuição;Alimentos;2.4;Novo Mercado;100% ON;48,53% ON;63.177773851296;103.0;51588005.42;-0.38;0.7142857142857143;2024.0;0.1892851829297344;0.05;0.22;-0.0049856572042235;-79.59;0.8823529411764706;2024.0;0.2114705601679618;-212.24;-1200.41;0.7647058823529411;2024.0;0.0895940939016668;-6.61;1.32;-0.0088505991853922;-4.44;0.5392083644509322;0.46;-0.008701787394168;0.78;0.0087987012987027;-0.08;1.21;6051000000.0;3740000000.0;2311000000.0;7936000000.0;5016000000.0
TEND3;Tenda;Construção Civil;Incorporações;1.3;Novo Mercado;100% ON;62,73% ON;65.807021771587;27.0;51158727.67;-27.02;0.4285714285714285;2024.0;0.1681292870370763;0.28;1.74;0.0470065573779658;20.36;0.9411764705882352;2011.0;0.0262912096412379;3.26;-6.71;0.4705882352941176;2024.0;0.6746028546086096;91.76;1.12;-0.0815776376907806;35.71;0.0853162288391791;1.12;0.0842765748031448;0.84;0.0367812500000028;-0.49;1.41;1264030000.0;748158000.0;515875000.0;2153630000.0;895290000.0
BHIA3;Casas Bahia;Comércio;Eletrodomésticos;1.8;Novo Mercado;100% ON;79,56% ON;73.772553368197;575.0;35191393.25;-0.38;0.5;2024.0;0.1160591595838134;0.02;0.15;0.0817440849082142;28.99;1.0;;0.0128695116649748;-0.55;-5.91;0.4117647058823529;2024.0;0.080620367250662;-46.09;0.74;-0.0409509977266977;-41.99;0.092104688727846;1.58;0.066127363371266;0.86;0.0140281106995019;-0.04;1.95;8654000000.0;1642000000.0;7012000000.0;13375000000.0;4434000000.0
FLRY3;Fleury;Serv.Méd.Hospit. Análises e Diagnósticos;Serv.Méd.Hospit. Análises e Diagnósticos;4.6;Novo Mercado;100% ON;44,50% ON;26.574790615602;50.0;41767857.67;23.71;1.0;;0.0138346903230746;0.77;1.71;-0.0452202136157203;27.02;1.0;;-0.0165625415392769;14.26;6.35;1.0;;-0.018642972536349;14.22;1.48;-0.1780513357778939;3.7;0.0820193255768149;0.6;0.0852607322693421;0.55;0.0325459888973571;-1.02;0.79;4076890000.0;976638000.0;3100250000.0;2838560000.0;5177130000.0
PSSA3;Porto;Previdência e Seguros;Seguradoras;4.7;Novo Mercado;100% ON;28,34% ON;21.926363414824;26.0;37697245.92;8.01;1.0;;0.0153446640458401;0.32;1.47;0.0093262518749854;100.0;1.0;;0.0;7.28;6.95;1.0;;0.0059955491556475;2.61;1.09;-0.0077713488100119;-5.03;-0.5641558585522413;-0.97;-0.0667752442996763;0.78;0.0068454613653419;-0.95;;0.0;11459500000.0;-11459500000.0;36302700000.0;11857900000.0
ENAT3;Enauta;Petróleo, Gás e Biocombustíveis;Exploração, Refino e Distribuição;3.6;Novo Mercado;100% ON;36,13% ON;43.702648601252;59.0;38875501.63;71.38;1.0;;0.3526222690873919;0.6;1.27;0.3304450291899736;36.94;1.0;;-0.0541794287937448;15.75;4.27;1.0;;-0.0320064870908527;21.82;1.77;-0.1199864613301823;2.49;0.46147209387038;0.16;-0.0792146242383037;0.53;0.0487082610027591;-0.86;0.68;2650540000.0;2015110000.0;635434000.0;2392520000.0;3876330000.0
DIRR3;Direcional;Construção Civil;Incorporações;4.1;Novo Mercado;100% ON;62,58% ON;35.249969796884;14.0;34474257.42;12.17;0.7857142857142857;2018.0;0.0175055051500321;0.52;1.94;0.0043733116196891;34.87;1.0;;0.0054687966656277;20.76;13.7;0.8235294117647058;2018.0;-0.3712151960386074;8.02;3.56;0.0047664925713717;-0.05;-0.0016962152275878;-0.01;0.0262896825396825;0.71;0.0282501889644766;-0.98;0.68;1316860000.0;1341160000.0;-24298000.0;3359250000.0;1934470000.0
CXSE3;Caixa Seguridade;Previdência e Seguros;Seguradoras;4.1;Novo Mercado;100% ON;17,25% ON;18.965543819832;34.0;53998710.71;12.16;1.0;;0.1440919002622762;3.33;3.36;0.0651352036699821;;;;;;;;;;10.42;17.58;0.1171915968790278;-0.48;0.0765147591921182;-0.15;0.0649819494584764;0.01;-0.2045454545454297;-3.95;;0.0;1879160000.0;-1879160000.0;2026610000.0;12760400000.0
ALPA4;Alpargatas;Tecidos, Vestuário e Calçados;Calçados;2.3;Nível 1;80% ON - 0% PN;3,17% ON - 37,45% PN - 20,41% Total;54.529348460369;97.0;36612576.54;-20.21;0.8571428571428571;2024.0;-0.2283854973659184;0.72;1.06;0.0393401929497483;40.37;1.0;;0.0030604474674276;-9.97;-7.36;0.875;2024.0;-0.8840624744458867;-17.84;3.51;0.0083673195856557;-2.17;-0.0666416651040677;0.15;0.2107095046853591;0.32;-0.0081964044074991;-1.19;0.28;1522710000.0;694176000.0;828537000.0;3106690000.0;5390030000.0
EZTC3;Eztec;Construção Civil;Incorporações;4.2;Novo Mercado;100% ON;47,62% ON;44.450709622597;113.0;31100755.79;18.21;1.0;;-0.1797826072990784;0.59;0.75;0.033832210373502;29.18;1.0;;-0.0344916432323566;13.62;17.82;1.0;;-0.0500419558276362;23.81;5.19;0.0184596251221451;0.13;0.0467564964581135;0.0;0.0191157347204193;0.2;-0.0248812915479562;-1.06;0.18;806467000.0;787954000.0;18513000.0;2609600000.0;4598390000.0
GMAT3;Grupo Mateus;Comércio e Distribuição;Alimentos;4.2;Novo Mercado;100% ON;15,84% ON;41.714718931207;15.0;27009111.88;13.33;1.0;;0.1009030088107321;1.01;1.84;0.0829025205104352;21.56;1.0;;-0.0401675730293653;6.17;4.52;1.0;;0.0325702981489293;11.36;2.9;0.0292611558156532;1.62;0.0182599355531687;0.31;-0.0606413994169218;0.44;-0.0454545454545413;-2.65;0.44;3653130000.0;1116810000.0;2536320000.0;9306640000.0;8287380000.0
STBP3;Santos Brasil;Transporte;Serviços de Apoio e Armazenagem;3.5;Novo Mercado;100% ON;47,09% ON;32.805232673866;31.0;34007714.58;22.45;0.7142857142857143;2020.0;0.0343383787681141;1.97;4.12;0.0168360977885042;46.64;1.0;;-0.0004549452129807;31.99;20.77;0.7647058823529411;2020.0;0.0136621914027226;14.37;1.35;0.0424498028788866;-0.24;0.1180597595779395;-0.07;0.1463749999999708;0.52;0.0203079971181565;-2.43;0.19;422220000.0;569561000.0;-147341000.0;874231000.0;2191630000.0
GGPS3;Grupo GPS;Serviços Diversos;Serviços Diversos;3.8;Novo Mercado;100% ON;58,54% ON;27.321117806378;19.0;31236261.5;21.11;1.0;;0.1041202852257017;1.3;4.25;0.0837294573558293;17.38;1.0;;-0.0167645126422669;10.75;5.8;1.0;;0.0036444499351417;11.88;2.45;0.0709431910845317;0.46;-0.2241509433962702;0.17;-0.5112219451372313;0.69;-0.0214323052796645;-3.0;1.05;3106240000.0;2598070000.0;508170000.0;5488910000.0;2948660000.0
ANIM3;Anima;Diversos;Serviços Educacionais;2.0;Novo Mercado;100% ON;63,70% ON;71.458686455015;22.0;27212167.5;-18.22;0.4545454545454545;2024.0;0.277949974360405;0.17;0.67;-0.0086333629163048;57.97;1.0;;0.0320536244127944;10.96;-2.54;0.4666666666666667;2024.0;0.330482897384297;14.17;1.1;0.005350528193166;9.94;0.1197230376569424;1.57;0.0594609724888033;0.7;-0.028966227524354;-0.21;1.98;5047250000.0;1046570000.0;4000680000.0;1906970000.0;2551290000.0
CURY3;Cury Construtora;Construção Civil;Incorporações;4.0;Novo Mercado;100% ON;37,82% ON;36.762060979069;5.0;31061575.5;12.9;1.0;;0.1383092632733524;1.69;5.78;0.1229432178543497;37.81;1.0;;0.0241491159943303;19.69;15.56;1.0;;0.0137951210730051;9.34;2.34;0.0463821892393339;-0.89;0.1337359792924932;-0.5;0.1260763965555535;0.66;-0.01249321021184;-6.39;0.7;645719000.0;1109070000.0;-463356000.0;2316220000.0;923179000.0
CSMG3;Copasa;Água e Saneamento;Água e Saneamento;4.1;Novo Mercado;100% ON;49,69% ON;29.235663821501;40.0;29332697.83;6.23;0.9285714285714286;2015.0;-0.0138398020410704;0.57;1.02;-0.1059023088632911;40.21;1.0;;0.0055439044517253;23.61;18.47;0.9411764705882352;2015.0;0.0102116864940526;6.91;1.58;0.0018225584594224;2.03;-0.0233049374130727;0.42;-0.0038444639718799;0.44;-0.0016061143110324;-0.71;0.58;4596550000.0;1250850000.0;3345700000.0;2715480000.0;7891110000.0
ECOR3;Ecorodovias;Transporte;Exploração de Rodovias;2.5;Novo Mercado;100% ON;32,95% ON;41.608479524298;76.0;23179613.08;11.05;0.7857142857142857;2020.0;-0.0349763577081015;0.26;2.25;-0.007532444609817;37.28;1.0;;-0.0438268400900856;32.78;6.92;0.8125;2020.0;0.425734480754411;7.21;0.81;-0.0150704358513729;4.86;0.0492237788716363;4.68;0.0673867450946756;0.87;0.0212730190265115;-0.31;5.85;16128200000.0;3220070000.0;12908200000.0;4013620000.0;2755580000.0
SAPR11;Sanepar;Água e Saneamento;Água e Saneamento;4.3;Nível 2;100% ON - 100% PN - 100% UNIT;37,74% ON - 94,89% PN - 75,84% Total;24.142206606286;52.0;23683142.96;5.54;1.0;;0.0091740277605643;0.45;0.87;-0.0136106003520013;60.1;1.0;;0.0037435298019272;36.99;24.53;1.0;;0.0351573289979381;5.63;1.41;0.024561277330263;1.96;-0.0231471359860105;0.46;0.0063186813186815;0.48;-0.0193708609271506;-0.53;0.6;5677300000.0;1276090000.0;4401200000.0;2696460000.0;9497430000.0
SIMH3;Simpar;Holdings Diversificadas;Holdings Diversificadas;4.1;Novo Mercado;100% ON;34,97% ON;46.669769963048;68.0;23552510.83;121.57;1.0;;22.711234705334903;0.1;1.8;-0.9334560122678162;28.13;1.0;;0.0341434399664506;18.02;0.17;0.875;2017.0;-0.0984471833437607;7.13;1.75;0.029092560719067;5.98;-0.0070366028116308;9.48;0.054203948028688;0.89;0.0097165991902836;-0.15;11.75;41114700000.0;7963020000.0;33151600000.0;19524900000.0;3498440000.0
MDIA3;M.Dias Branco;Alimentos Processados;Alimentos Diversos;3.4;Novo Mercado;100% ON;31,96% ON;40.377525581328;9.0;16786115.25;23.27;1.0;;-0.2391024724374668;1.1;1.79;-0.0192821860850911;30.23;1.0;;-0.0242407128107916;7.02;5.19;1.0;;-0.0767279348264167;17.62;2.19;0.0207146976140726;0.42;-0.0679898648648835;0.04;0.7798076923078765;0.39;0.0038496376811587;-1.99;0.3;2163100000.0;1845610000.0;317490000.0;5359400000.0;7295590000.0
INTB3;Intelbras;Computadores e Equipamentos;Computadores e Equipamentos;4.1;Novo Mercado;100% ON;27,38% ON;39.084844653649;25.0;26830284.5;13.26;1.0;;0.0930655080293652;1.46;2.8;0.0758760145786863;31.46;1.0;;-0.0296878031429866;11.78;12.53;1.0;;0.0048669911327412;13.58;2.68;0.0459102662976882;-0.54;-0.035837015218466;-0.11;-0.1754068716094059;0.47;-0.0252976190476224;-5.36;0.38;936160000.0;1201920000.0;-265756000.0;3431020000.0;2468360000.0
SBFG3;Grupo SBF;Comércio;Produtos Diversos;3.5;Novo Mercado;100% ON;40,26% ON;67.68570922012;23.0;23561958.83;17.76;0.8333333333333334;2020.0;-0.0072508160801315;0.39;1.32;0.0870744417800903;47.85;1.0;;-0.0049027309604057;7.45;2.67;0.7777777777777778;2020.0;-0.0620461147422023;12.21;1.71;0.0724233983286877;5.81;0.1825448613376838;1.2;-0.9438502673795582;0.7;-0.0735879797248481;-0.81;1.27;3124010000.0;162883000.0;2961130000.0;4247670000.0;2461640000.0
ONCO3;Oncoclínicas;Serv.Méd.Hospit. Análises e Diagnósticos;Serv.Méd.Hospit. Análises e Diagnósticos;3.1;Novo Mercado;100% ON;47,42% ON;43.478073716091;15.0;18750761.75;27.3;0.75;2021.0;0.38170359996698;0.7;2.7;0.0299991857530113;35.93;1.0;;0.0358269000761175;14.63;4.16;0.6;2021.0;0.5006738544475766;11.68;1.48;-0.0513333333333511;3.91;2.077380952381462;1.36;-0.0292096219931322;0.69;-0.0225225225225234;-1.01;1.63;3615450000.0;601667000.0;3013790000.0;2688720000.0;2215000000.0
AESB3;AES Brasil;Energia Elétrica;Energia Elétrica;3.1;Novo Mercado;100% ON;40,68% ON;22.202490992289;35.0;31327732.21;40.59;1.0;;-0.9202160685457756;0.32;1.43;-0.0301428675750276;35.54;1.0;;0.1709711792166004;28.78;4.9;1.0;;-2.0632183908044173;16.88;1.11;-0.1659852820932372;9.96;1.5030911456676987;2.06;0.1126629422718881;0.72;1.50822362144662;-0.39;2.62;11697000000.0;2470840000.0;9226130000.0;3337520000.0;4469480000.0
DXCO3;Dexco;Madeira e Papel;Madeira;3.2;Novo Mercado;100% ON;33,89% ON;45.01692420304;61.0;22814515.67;7.79;1.0;;0.0449606807617037;0.38;0.99;0.0081742807169893;33.51;1.0;;-0.0086516388448895;18.39;10.95;1.0;;-0.0093750242644945;7.91;1.34;-0.0160284951024032;3.27;-0.0001770758554677;0.7;0.0361415438861643;0.61;0.0202867124442791;-0.54;0.95;6077760000.0;1618530000.0;4459230000.0;4749000000.0;6411570000.0
CEAB3;C&A;Comércio;Tecidos, Vestuário e Calçados;3.1;Novo Mercado;100% ON;33,83% ON;70.787765181804;70.0;20154590.88;47.99;0.8333333333333334;2020.0;-0.1370514064015758;0.26;0.79;0.0484300535932844;51.91;1.0;;0.0164472271145683;6.1;0.73;0.7777777777777778;2020.0;0.1288598574821462;7.33;1.59;-0.3664408049790058;1.55;0.5202532769181196;0.21;0.2834608030593035;0.68;-0.0076791808873705;-0.49;0.61;1723130000.0;1119610000.0;603526000.0;4185970000.0;2842690000.0
NEOE3;Neoenergia;Energia Elétrica;Energia Elétrica;3.6;Novo Mercado;100% ON;16,08% ON;26.082925831799;23.0;17520833.46;4.86;1.0;;0.0935451042917827;0.26;0.86;0.0871366393574879;26.13;1.0;;-0.0329961772089779;21.96;11.89;1.0;;-0.0657550847748313;6.59;1.06;-0.1097712327498255;3.96;0.0430857389988132;1.29;0.058501654402695;0.7;0.0281764190439146;-0.34;1.54;45499000000.0;7548000000.0;37951000000.0;22299000000.0;29475000000.0
RAPT4;Randoncorp;Material de Transporte;Material Rodoviário;4.1;Nível 1;80% ON - 80% PN;9,44% ON - 83,08% PN - 57,03% Total;32.017451925247;20.0;22980376.5;8.91;1.0;;-0.0118800027934172;0.29;1.26;0.0702659673665726;25.06;1.0;;0.0052089150632068;11.93;3.72;0.875;2016.0;0.0098511459399848;4.91;2.1;-0.0220318237454121;2.14;-0.0353174603174589;0.97;0.0442592304097233;0.68;0.0144285272596071;-0.7;1.79;5257010000.0;2404890000.0;2852120000.0;7444750000.0;2944690000.0
LEVE3;Mahle Metal Leve;Automóveis e Motocicletas;Automóveis e Motocicletas;4.5;Novo Mercado;100% ON;;39.713739992899;24.0;21683692.0;6.37;1.0;;0.0545200465163759;1.45;2.91;-0.0468171836031138;28.88;1.0;;0.0136573751598882;18.76;16.16;1.0;;0.0499171491315637;5.47;1.91;-0.0062542340421279;-0.02;-1.285919165579945;-0.01;0.7467032967033391;0.5;-0.0048780487804864;-4.11;0.31;489698000.0;509196000.0;-19498000.0;2037460000.0;1568530000.0
AMER3;Americanas;Comércio;Produtos Diversos;1.2;Novo Mercado;100% ON;69,88% ON;70.640023138114;13.0;12220613.63;-0.06;0.0;2024.0;0.0940128401132878;0.02;-0.03;0.182964467047779;19.46;1.0;;-0.0222456225022901;-30.26;-50.03;0.125;2024.0;0.0857141742177596;-2.23;0.34;-0.0822807707432146;-2.14;6.667515151517603;;0.5122279129322176;1.85;0.0378442437923274;-0.05;-0.85;22749500000.0;6072940000.0;16676600000.0;17048700000.0;-26666600000.0
ALUP11;Alupar;Energia Elétrica;Energia Elétrica;4.1;Nível 2;100% ON - 100% PN - 100% UNIT;17,53% ON - 74,33% PN - 35,76% Total;18.639268073903;19.0;19284751.96;11.96;1.0;;-0.0180486677677367;0.32;1.18;-0.0209178037121863;75.83;1.0;;-0.0078512618149692;71.87;23.53;1.0;;0.0159885984186607;7.83;1.89;0.0137310175502416;3.91;-0.0008660119728258;1.18;-0.0646792579347401;0.62;0.0068575553416743;-0.39;1.54;11620100000.0;2716200000.0;8903920000.0;5382210000.0;7541460000.0
HBSA3;Hidrovias do Brasil;Transporte;Transporte Hidroviário;2.7;Novo Mercado;100% ON;50,68% ON;44.091363496181;5.0;14744232.75;53.13;0.4545454545454545;2022.0;-0.1102612646724605;0.44;1.78;-6.547106858989515e-05;38.61;1.0;;0.0292865362485732;23.12;2.64;0.4545454545454545;2022.0;0.7542429549436502;13.74;2.44;0.000523112041088;7.67;0.0488520603205269;2.25;0.0726421119863658;0.75;0.0248838255134191;-0.56;2.75;4356520000.0;797110000.0;3559410000.0;1396150000.0;1585400000.0
CBAV3;CBA;Mineração;Minerais Metálicos;2.9;Novo Mercado;100% ON;32,12% ON;53.566957274908;31.0;16678164.58;-2.0;0.5;2024.0;0.5696809713501201;0.19;0.53;-0.014797517902735;-12.43;0.6;2024.0;0.7199150978220707;-12.73;-11.59;0.4;2024.0;0.1499838553438961;-4.09;2.26;0.0563258232235683;-2.28;0.573657474600948;0.66;0.1132075471698164;0.63;-0.0098360655737709;-0.29;0.93;4469460000.0;1326540000.0;3142920000.0;4912740000.0;4784200000.0
QUAL3;Qualicorp;Serv.Méd.Hospit. Análises e Diagnósticos;Serv.Méd.Hospit. Análises e Diagnósticos;2.2;Novo Mercado;100% ON;38,08% ON;56.942799019888;122.0;17553853.04;-15.17;0.7692307692307693;2024.0;-0.0059471485159242;0.13;0.46;-0.0784561129981409;77.16;1.0;;0.0054565452995447;5.27;-2.24;0.6666666666666666;2024.0;0.0554141203110136;20.23;1.16;-0.0074907365446639;13.78;-0.5086613116898746;0.98;0.0883701593279617;0.71;0.0449859418931528;-0.2;1.76;2331090000.0;1032560000.0;1298530000.0;1624020000.0;1326160000.0
LJQQ3;Lojas Quero-Quero;Comércio;Produtos Diversos;2.9;Novo Mercado;100% ON;53,59% ON;62.797736663675;26.0;15509484.33;-24.71;0.4;2024.0;0.5803287746927139;0.3;1.81;0.0021951662729422;34.11;1.0;;-0.0262209454165553;2.77;-1.56;0.625;2024.0;0.6545961002783729;13.75;1.86;0.0455539358600622;-0.26;0.2685171217377935;-0.03;0.4141363862618865;0.83;-0.007311010381633;-0.89;0.73;368781000.0;385933000.0;-17152000.0;2033430000.0;503826000.0
BRSR6;Banrisul;Intermediários Financeiros;Bancos;3.3;Nível 1;100% ON - 100% PN;1,87% ON - 99,46% PN - 50,53% Total;26.111497425812;48.0;19253446.25;6.48;1.0;;0.0123198762177276;0.05;0.63;0.0440282347090721;33.16;1.0;;-0.0285753773060856;7.22;6.38;1.0;;-0.0676265648943189;5.67;4.22;0.1807285284616169;;;;;0.92;0.0033891342302561;-0.05;;;;;;9478730000.0
TTEN3;3tentos;Agropecuária;Agricultura;4.2;Novo Mercado;100% ON;22,89% ON;39.337273734264;12.0;16039484.38;8.43;1.0;;0.0956259586396452;0.8;1.66;0.093391839183923;14.89;1.0;;-0.0051227008830553;6.79;7.71;1.0;;0.0353672755538303;9.83;1.52;0.0525867575047906;0.21;1.783068783068725;0.04;1.20788530465959;0.52;-0.089406461307265;-2.24;0.4;1262420000.0;1146090000.0;116334000.0;4266610000.0;3172940000.0
VVEO3;Viveo;Comércio e Distribuição;Medicamentos e Outros Produtos;2.9;Novo Mercado;100% ON;37,50% ON;37.11882914991;0.0;10651281.63;18.55;1.0;;-0.8318765364654503;0.3;0.96;0.0828826385855059;15.9;1.0;;0.0068518518518529;6.01;1.5;1.0;;-0.4779507133592811;7.07;2.04;0.055871212121209;2.5;0.225517241379302;0.52;0.2297734627831666;0.69;-0.0144092219020195;-0.75;1.06;3318090000.0;1694310000.0;1623770000.0;5958880000.0;3129440000.0
ODPV3;Odontoprev;Serv.Méd.Hospit. Análises e Diagnósticos;Serv.Méd.Hospit. Análises e Diagnósticos;4.5;Novo Mercado;100% ON;41,80% ON;36.076263051508;20.0;24803537.83;14.09;1.0;;0.0404693404768723;3.33;4.72;0.0133428918069922;40.91;1.0;;-0.0010584964345526;28.94;23.34;1.0;;0.0047716729043691;10.76;0.92;-0.0557309148039695;-0.57;-4.359036144579538;-0.24;-0.0166526845637624;0.29;0.0122580645161325;-4.27;;0.0;348442000.0;-348442000.0;454731000.0;1467850000.0
ORVR3;Orizon;Água e Saneamento;Água e Saneamento;2.4;Novo Mercado;100% ON;38,33% ON;33.254912037238;0.0;13991302.96;-23.17;0.0;2024.0;0.0781540906233888;1.29;4.67;0.089732320010434;30.63;1.0;;0.012098546614677;17.55;-16.46;0.5;2024.0;0.1691813804173294;28.82;2.22;0.1338837042355012;7.11;0.7556372814848125;1.53;-0.7247191011234936;0.7;-0.1422602467170853;-1.77;1.85;1144660000.0;200797000.0;943861000.0;606045000.0;617519000.0
AMBP3;Ambipar;Água e Saneamento;Água e Saneamento;3.4;Novo Mercado;100% ON;33,34% ON;48.246380201168;46.0;12711230.04;-18.16;0.6;2024.0;0.598950731183501;0.22;2.33;-0.2459462035706193;23.51;1.0;;0.0293379191745475;18.46;-2.69;0.75;2024.0;1.2607816711592807;7.84;2.3;0.0548257892243424;5.19;0.0885260188519179;4.56;0.1478678038379559;0.84;0.0651750972762725;-0.38;7.15;7076860000.0;2561390000.0;4515470000.0;4446470000.0;989635000.0
BPAN4;Banco Pan;Intermediários Financeiros;Bancos;3.1;Nível 1;100% PN;53,27% PN - 25,76% Total;39.561168532129;56.0;14938979.83;17.03;0.7857142857142857;2016.0;0.1029103370851152;0.2;1.44;-0.0224829974745414;49.84;1.0;;0.0336549347574712;4.88;4.32;0.7333333333333333;2016.0;0.1812595681718207;14.97;;2.999999999998934;;;;;0.86;-0.0075308078502976;-0.2;;;;;;8005560000.0
IFCM3;Infracommerce;Programas e Serviços;Programas e Serviços;1.6;Novo Mercado;100% ON;68,35% ON;94.138809084906;14.0;12091364.33;-3.73;0.0;2024.0;0.0847650589939883;0.3;0.7;-0.6396167737342247;43.4;1.0;;0.0119802677942213;-3.27;-24.04;0.0;2024.0;0.1675844982734591;-43.71;0.97;-0.0225621414913916;-15.93;0.2436691610089734;0.41;0.0753768844221129;0.57;-0.0990990990991077;-0.41;0.56;765040000.0;209631000.0;555409000.0;867463000.0;1366400000.0
KEPL3;Kepler;Máquinas e Equipamentos;Máq. e Equip. Industriais;4.0;Novo Mercado;100% ON;57,43% ON;36.389383896346;29.0;10822069.33;6.37;0.8571428571428571;2017.0;0.0605520497660567;1.22;2.47;-0.0008082667266047;32.03;1.0;;0.0256176215709367;22.32;17.47;0.7647058823529411;2017.0;0.0625622768413236;4.67;1.68;-0.0533564814814773;-0.33;0.0726590106007376;-0.16;0.1232987686325179;0.51;-0.0042932628797887;-3.71;0.31;209539000.0;320036000.0;-110497000.0;928480000.0;681618000.0
TUPY3;Tupy;Material de Transporte;Material Rodoviário;4.1;Novo Mercado;100% ON;36,86% ON;26.855914931546;21.0;13606738.13;9.03;0.8571428571428571;2020.0;0.0351004453475376;0.37;1.13;0.0006672888065208;17.23;1.0;;-0.0143823322600934;6.88;3.59;0.8823529411764706;2020.0;-0.3415767868641504;7.61;2.1;-0.001645983327018;2.88;0.0523403654172138;0.69;0.0566431322207909;0.67;0.0021998742928976;-0.95;1.04;3389840000.0;1142780000.0;2247060000.0;6124330000.0;3268350000.0
MYPK3;Iochpe-Maxion;Automóveis e Motocicletas;Automóveis e Motocicletas;3.0;Novo Mercado;100% ON;64,25% ON;32.83284461026;32.0;12725744.08;-17.92;0.7857142857142857;2024.0;-0.9745018624725036;0.12;0.48;0.0456891355992301;9.29;1.0;;-0.0575787615754577;4.96;-0.66;0.8125;2024.0;0.3692994697181613;7.3;1.58;0.0062449090415417;4.92;-0.2278621612579812;0.99;-0.0136923844126223;0.72;0.003658914728682;-0.26;1.79;6867440000.0;3054670000.0;3812760000.0;8048780000.0;3834280000.0
CASH3;Méliuz;Programas e Serviços;Programas e Serviços;1.4;Novo Mercado;100% ON;79,94% ON;50.418555885714;54.0;17011720.71;-16.83;0.2;2024.0;0.3267896978301676;0.54;0.84;0.2383388424201358;-22.15;0.25;2024.0;-0.0634781841962136;-22.16;-11.35;0.25;2024.0;-1.9603301994958693;-3.11;2.65;-0.1546323334218062;5.51;0.2002956551547086;-0.54;-0.169921875000004;0.34;0.1059233449477154;-2.57;0.0;990000.0;418877000.0;-417887000.0;946728000.0;780734000.0
JHSF3;JHSF;Construção Civil;Incorporações;3.3;Novo Mercado;100% ON;37,00% ON;39.089130183125;85.0;11176707.5;7.86;0.8666666666666667;2017.0;0.0450775291808089;0.29;0.62;0.0444290175218216;53.4;1.0;;0.0213938637480406;47.37;26.29;0.8823529411764706;2017.0;0.0241484767357775;7.97;2.85;0.00739343869732;3.59;0.0295434923375828;0.51;0.0163369304556351;0.5;-0.0045534665099876;-0.4;0.61;3076730000.0;515604000.0;2561130000.0;3057730000.0;5040500000.0
ABCB4;Banco ABC;Intermediários Financeiros;Bancos;3.8;Nível 2;100% PN;61,69% PN - 30,73% Total;27.282177422577;21.0;15116722.33;5.93;1.0;;0.0437235718534509;0.1;1.0;0.0412192852662764;25.5;1.0;;0.0034412724729295;17.06;15.5;1.0;;0.000935582886665;5.38;0.05;-0.1827411167512859;;;;;0.91;0.0044577727346408;-0.1;;;;;;5721810000.0
UNIP6;Unipar;Químicos;Químicos Diversos;3.6;Tradicional;80% ON - 0% PN;14,66% ON - 65,62% PN - 47,81% Total;27.839142583442;20.0;11008440.79;9.33;1.0;;0.0867140880996253;1.17;2.58;0.0809453525644146;35.74;1.0;;-0.0087858990063982;20.79;13.63;0.9375;2009.0;0.0793271238368105;5.77;1.92;-0.0419930447442508;-0.22;0.2249309070737488;-0.09;0.2938154782020616;0.54;-0.0106410930110351;-2.04;0.47;1332240000.0;1595670000.0;-263422000.0;2650190000.0;2808340000.0
VULC3;Vulcabras;Tecidos, Vestuário e Calçados;Calçados;3.8;Novo Mercado;100% ON;19,76% ON;37.748215763677;18.0;14639509.88;8.24;0.6428571428571429;2015.0;0.1198441028071097;1.66;2.34;0.0910252457908191;40.55;1.0;;0.0201637391085092;19.67;20.41;0.7058823529411765;2015.0;0.0901760779238396;8.6;4.39;0.0474002100840265;0.02;0.0232103081301786;0.01;0.8261846901579881;0.29;-0.1871905940594174;-5.56;0.19;373946000.0;363388000.0;10558000.0;1963060000.0;1985350000.0
ZAMP3;Burger King;Hoteis e Restaurantes;Restaurante e Similares;1.9;Tradicional;100% ON;30,89% ON;63.321182003634;0.0;7472744.04;-11.72;0.2857142857142857;2024.0;0.1421896229300492;0.34;1.01;-0.1307968059021335;65.31;1.0;;0.0020289710218384;2.49;-3.02;0.2727272727272727;2024.0;0.0274054661175624;22.16;1.03;-0.0264501160092783;7.98;0.255670004311793;0.57;0.0802614379084964;0.67;0.0254545454545449;-0.43;0.87;1152640000.0;393745000.0;758896000.0;835574000.0;1331470000.0
PLPL3;Plano&Plano;Construção Civil;Incorporações;3.6;Novo Mercado;100% ON;26,79% ON;53.238221478129;0.0;10377898.42;9.4;1.0;;0.1356050186185551;1.15;3.83;0.1601778930190853;33.71;1.0;;-0.0187738603188873;15.29;13.02;1.0;;-0.0314327062228625;8.46;2.96;-0.2180379746835967;0.42;-0.0682274247491591;0.2;-0.7145631067962912;0.68;-0.0489620615604886;-8.05;0.78;465040000.0;346163000.0;118877000.0;1699010000.0;597321000.0
GUAR3;Guararapes;Comércio;Tecidos, Vestuário e Calçados;3.1;Novo Mercado;100% ON;17,25% ON;68.732803284332;13.0;9421253.42;-15.68;0.7857142857142857;2024.0;-0.8471294698475783;0.18;0.51;-0.2986905895722399;58.32;1.0;;0.0020530770983067;3.34;-1.87;0.8235294117647058;2024.0;-0.5142201834863473;14.71;1.62;-0.0217679767471233;5.93;0.1026858584359629;0.34;0.0605924596050369;0.64;0.0322997416020691;-0.5;0.75;3729040000.0;2011670000.0;1717380000.0;8700400000.0;4986780000.0
RANI3;Irani;Madeira e Papel;Papel e Celulose;4.3;Novo Mercado;100% ON;42,35% ON;31.351923085393;33.0;8571908.63;5.27;0.7857142857142857;2019.0;0.0830399861920896;0.7;1.89;0.7180992501125885;46.85;1.0;;0.0241421779890724;40.73;28.58;0.8125;2019.0;0.0722650284603474;5.3;3.91;0.0617660785961109;1.59;-0.0243646494579453;0.81;0.0019132570615991;0.63;0.0023773827372028;-1.05;1.23;1587290000.0;538080000.0;1049210000.0;1153550000.0;1290940000.0
VLID3;Valid;Serviços Diversos;Serviços Diversos;3.6;Novo Mercado;100% ON;52,65% ON;40.458467065314;7.0;10378075.71;8.69;0.9285714285714286;2020.0;-0.1047011873409869;0.66;1.3;0.0306738649257882;38.84;1.0;;0.0178400174618273;19.36;10.32;0.9375;2020.0;-0.2804207061854652;5.38;2.0;-0.0393077176315687;0.74;0.0060102354145343;0.21;0.0241628558784534;0.48;0.007407407407407;-1.32;0.54;736416000.0;455318000.0;281098000.0;1348350000.0;1358760000.0
SRNA3;Omega Energia;Energia Elétrica;Energia Elétrica;1.6;Novo Mercado;100% ON;26,95% ON;45.5560509981;0.0;8098298.13;116.99;0.6666666666666666;2022.0;0.5045045045044405;0.34;1.19;-0.0090124797639282;32.08;1.0;;-0.2554861863994533;29.57;1.86;0.75;2022.0;1.545895824257772;17.86;0.48;-1.0766871165647178;10.54;0.1003208185207806;1.71;0.1135982092893306;0.72;0.0124826629681003;-0.38;1.86;9426550000.0;758466000.0;8668080000.0;2122200000.0;5079960000.0
MILS3;Mills;Diversos;Aluguel de carros;4.2;Novo Mercado;100% ON;36,97% ON;44.095634861249;21.0;11781645.88;13.01;0.5714285714285714;2020.0;0.0463493312793013;1.16;2.29;-0.0611176217265483;65.4;1.0;;-0.0005213555243633;32.41;18.29;0.625;2020.0;0.4883141762451977;8.43;2.49;0.028759723136311;1.1;0.11160115052731;0.34;-0.9322709163343544;0.49;-0.0134054954204848;-1.83;0.76;1054750000.0;579407000.0;475344000.0;1012780000.0;1390720000.0
SEQL3;Sequoia;Serviços Diversos;Serviços Diversos;1.7;Novo Mercado;100% ON;79,95% ON;142.556938402821;30.0;15173714.13;-0.35;0.2;2024.0;0.2767218667670306;0.1;1.33;-2.0299799297540333;5.07;1.0;;-0.3676114023590784;-29.02;-45.21;0.25;2024.0;0.1889194291272888;-3.67;0.64;-0.0741705511379283;-3.13;-1.569841269841043;7.68;0.1504700948140218;0.93;0.0280806979280225;-0.13;7.77;985405000.0;11409000.0;973996000.0;418709000.0;126809000.0
ARML3;Armac;Diversos;Aluguel de carros;3.9;Novo Mercado;100% ON;19,62% ON;52.911498445938;2.0;7932345.58;28.32;1.0;;0.1861638682447928;1.2;3.93;0.0288443924641033;48.07;1.0;;0.011786318787927;34.23;13.57;1.0;;-0.0420174272633262;14.45;2.22;-0.0825652841781783;3.33;-0.0947756195579389;1.17;-0.2113163972286187;0.69;-0.028443113772463;-1.74;1.82;2203470000.0;787044000.0;1416420000.0;1228790000.0;1213290000.0
AGRO3;BrasilAgro;Agropecuária;Agricultura;4.4;Novo Mercado;100% ON;45,21% ON;29.901754295155;8.0;6779701.33;9.87;1.0;;0.051327905512843;0.72;1.15;0.0599313459684764;30.65;0.9375;2009.0;0.0998316383961461;20.17;20.86;0.8125;2013.0;0.1179854423412158;12.06;2.14;-0.0182654499591978;1.85;-0.0202843372119562;0.21;0.1232664756446861;0.37;0.0367601246105906;-1.17;0.38;864319000.0;379455000.0;484864000.0;1267920000.0;2250940000.0
MTRE3;Mitre Realty;Construção Civil;Incorporações;3.5;Novo Mercado;100% ON;49,80% ON;54.344546163755;0.0;11531727.5;5.52;1.0;;0.1652137659187922;0.22;0.49;-0.0072021396922021;21.87;1.0;;-0.04164665822674;10.56;9.48;0.8888888888888888;2017.0;0.1177572712740442;10.42;2.65;0.0384774513860142;5.43;0.1334804191947161;0.53;-0.6841216216215884;0.53;-0.0910852713178113;-1.29;0.63;620239000.0;98188000.0;522051000.0;1802560000.0;976846000.0
JSLG3;JSL;Transporte;Transporte Rodoviário;3.5;Novo Mercado;100% ON;24,49% ON;41.512010759202;0.0;4932773.79;8.27;0.8;2017.0;0.1265118640634237;0.29;1.83;0.056275026062716;18.55;1.0;;-0.0193533569037676;17.05;5.27;0.8;2017.0;0.1130460448642405;6.78;1.64;-0.0044339753360126;4.22;-0.3560338944494597;3.03;-0.7566585956416114;0.84;-0.0138012039348137;-0.41;3.76;6324340000.0;1232290000.0;5092050000.0;3168640000.0;1683290000.0
POSI3;Positivo;Computadores e Equipamentos;Computadores e Equipamentos;3.6;Novo Mercado;100% ON;51,74% ON;51.9940992237;42.0;7642452.17;5.36;0.7142857142857143;2018.0;0.1082341644089321;0.25;0.71;0.025098522859756;30.03;1.0;;0.0021835948907917;13.75;5.35;0.7647058823529411;2018.0;0.0434179172581752;3.87;1.83;9.211495946948034e-05;1.78;0.0316024759284712;0.61;0.0339973658215273;0.65;0.010914617297596;-1.26;0.87;1264750000.0;388642000.0;876110000.0;3364850000.0;1447110000.0
LOGG3;Log CP;Exploração de Imóveis;Exploração de Imóveis;3.4;Novo Mercado;100% ON;29,51% ON;42.290994061121;9.0;5211598.13;12.74;1.0;;0.0844989329143433;0.34;0.56;0.0719339751811833;98.51;1.0;;0.018602855831417;124.48;69.23;1.0;;0.0288191676812685;11.9;2.52;0.0657177792710228;4.81;0.1997324991135971;0.38;-0.1810542398777379;0.39;-0.072276891754322;-0.41;0.5;1845680000.0;436982000.0;1408700000.0;1007160000.0;3691420000.0
SEER3;SER Educacional;Diversos;Serviços Educacionais;3.5;Novo Mercado;100% ON;22,27% ON;69.648717924281;24.0;6196758.63;-4.7;0.7272727272727273;2024.0;0.3018280555919823;0.22;0.62;0.0328334433857138;50.44;1.0;;-0.0213744545606368;3.87;-8.88;0.8125;2024.0;0.4897670312568947;18.39;1.13;-0.0113831139541565;7.55;0.0552021837110416;0.43;0.1000000000000127;0.65;0.017349337953227;-0.28;0.59;706970000.0;183992000.0;522978000.0;730966000.0;1203790000.0
TGMA3;Tegma;Transporte;Transporte Rodoviário;3.5;Novo Mercado;100% ON;27,15% ON;28.525060107851;0.0;6597988.25;9.37;0.9285714285714286;2014.0;0.0659738352329164;1.5;2.14;0.0481417352432718;19.68;1.0;;0.018106050569667;14.88;12.15;0.9411764705882352;2014.0;0.042318861109146;7.25;3.2;0.0243375060246808;-0.39;-0.446428571428535;-0.11;-1.812500000000552;0.3;-0.0322052401746728;-2.98;0.21;168964000.0;258630000.0;-89666000.0;578394000.0;819533000.0
LIGT3;Light;Energia Elétrica;Energia Elétrica;1.1;Novo Mercado;100% ON;39,78% ON;78.674478765899;8.0;7009418.13;-0.41;0.7142857142857143;2024.0;0.1210280727529766;0.09;0.72;0.0032642856086566;16.51;1.0;;-0.0446843407433559;-14.67;-39.79;0.75;2024.0;0.1131140500535379;-5.65;0.29;-0.0915850378114936;-4.52;-0.3853059177532537;2.89;0.046774987690795;0.87;0.0138893735822727;-0.12;3.46;10534600000.0;1717530000.0;8817080000.0;4506480000.0;3048560000.0
CAML3;Camil;Alimentos Processados;Alimentos Diversos;3.3;Novo Mercado;100% ON;28,65% ON;37.935624314513;3.0;7458500.58;6.33;1.0;;0.0716810534459964;0.33;1.02;0.0757971186007844;20.98;1.0;;-0.0221119113573383;8.22;4.71;1.0;;0.0242667806755061;7.1;1.99;0.0096323859288001;3.49;0.0314363143631506;0.98;0.0264895330112746;0.67;0.0065570561753782;-0.74;1.74;5292250000.0;1485780000.0;3806480000.0;6158480000.0;3038400000.0
FESA4;Ferbasa;Siderurgia e Metalurgia;Siderurgia;3.7;Nível 1;80% ON - 0% PN;1,05% ON - 55,75% PN - 37,52% Total;33.097721382618;14.0;6677575.92;7.36;1.0;;0.0740868636384004;0.85;1.09;0.0437862223795912;28.8;1.0;;0.0155005226388185;16.65;18.39;1.0;;0.0118056945556439;7.97;3.6;-0.1031603288797666;-1.58;0.2003285778476315;-0.21;-1.1220930232557111;0.21;0.0374581939799227;-1.44;0.09;277800000.0;964825000.0;-687025000.0;1686370000.0;3248510000.0
GRND3;Grendene;Tecidos, Vestuário e Calçados;Calçados;3.4;Novo Mercado;100% ON;22,50% ON;27.758027342001;21.0;7117307.67;11.53;1.0;;-0.1791035622686514;1.54;1.71;-0.0749800260683241;43.97;1.0;;0.0030283927202987;10.49;21.23;1.0;;0.0094675517041995;20.67;7.09;0.0153781642558084;-2.74;0.0044029417456932;-0.2;-0.0468884120171717;0.1;-0.0695137157107281;-4.32;0.03;92688000.0;791839000.0;-699151000.0;2483290000.0;3483510000.0
MLAS3;Multilaser;Computadores e Equipamentos;Computadores e Equipamentos;2.0;Novo Mercado;100% ON;23,78% ON;81.926743588834;8.0;7028520.08;-2.2;0.5;2024.0;0.5652475604079297;0.27;0.44;-0.0545827931630215;12.5;1.0;;-0.3072138642283881;-15.59;-19.01;0.7142857142857143;2024.0;0.3954941928260955;-2.75;3.45;0.0582765704400465;-0.07;-0.0280373831775712;0.01;-11.40000000003024;0.39;-0.0504124656278607;-1.12;0.26;938385000.0;898252000.0;40133000.0;4416210000.0;3542230000.0
EVEN3;Even;Construção Civil;Incorporações;3.0;Novo Mercado;100% ON;37,48% ON;44.856735703051;18.0;5909949.0;9.25;0.8333333333333334;2018.0;-0.0988500674426214;0.21;0.76;0.015025061244533;20.53;1.0;;-0.0288934568501245;6.8;6.28;0.8823529411764706;2018.0;-1.8080848995455931;9.62;3.51;-0.0223828182759142;1.06;0.0824744067008054;0.09;0.9211753731341432;0.6;0.0060578208556139;-0.92;0.59;1135080000.0;952984000.0;182097000.0;5447260000.0;1937970000.0
JALL3;Jalles Machado;Alimentos Processados;Açucar e Alcool;4.2;Novo Mercado;100% ON;33,91% ON;32.001281115188;14.0;5160831.29;3.54;1.0;;0.177581833786421;0.34;1.12;0.1120168288193361;30.06;0.875;2022.0;-0.0194462633276075;49.3;33.06;1.0;;0.1226635645957241;5.3;2.96;0.0265399333415696;2.93;0.243985239852378;1.38;-0.1200000000000054;0.7;-0.0184307530279083;-0.55;1.84;3677060000.0;926782000.0;2750280000.0;2530180000.0;1996410000.0
FRAS3;Frasle Mobility;Material de Transporte;Material Rodoviário;4.4;Nível 1;80% ON;12,45% ON;26.802742019967;0.0;5111277.67;12.75;1.0;;0.0602364374637829;1.05;2.15;0.0389717193075689;34.03;1.0;;0.0097304631967087;15.05;9.57;1.0;;0.0106872020800223;7.79;2.44;0.0001598721023179;-0.27;-0.1062959076600179;-0.07;0.0112233445566778;0.51;-2.7654867256532437e-05;-2.62;0.45;872494000.0;1009350000.0;-136857000.0;2365260000.0;1926600000.0
BLAU3;Blau Farmacêutica;Comércio e Distribuição;Medicamentos e Outros Produtos;3.9;Novo Mercado;100% ON;16,63% ON;40.35518535193;6.0;5468311.29;6.76;1.0;;-0.0226695724460179;0.7;1.08;0.0576278115713941;39.36;1.0;;-0.0174590749753231;29.85;23.41;1.0;;0.0461968289446008;5.66;3.44;0.0708769521194616;0.32;0.5737704918032867;0.07;1.9380530973444907;0.36;-0.2429667519181796;-1.48;0.31;602548000.0;471940000.0;130608000.0;1626550000.0;1974820000.0
AERI3;Aeris;Máquinas e Equipamentos;Máq. e Equip. Industriais;2.1;Novo Mercado;100% ON;29,10% ON;64.303331346978;9.0;4674007.46;-8.74;0.4;2024.0;0.4582628313592556;0.25;1.17;-0.2928350872770638;12.62;1.0;;-0.1726076024256563;9.03;-3.39;0.5714285714285714;2024.0;0.5073713769932502;6.79;1.46;-0.0296914418785148;3.51;0.0921027949727995;1.26;-0.094913896676008;0.79;0.0151228733459347;-0.77;2.17;1767180000.0;743647000.0;1023530000.0;2586440000.0;815079000.0
MDNE3;Moura Dubeux;Construção Civil;Incorporações;3.6;Novo Mercado;100% ON;39,63% ON;41.354490604421;0.0;5883045.38;7.31;0.5454545454545454;2020.0;0.1465601782478078;0.3;0.74;0.1153837820687968;33.17;1.0;;0.0332791468886135;13.91;12.34;0.5454545454545454;2020.0;0.4093964932674283;6.37;2.69;0.0602891308227719;-0.14;0.8496378192908647;-0.02;-0.5020273972603131;0.6;-0.0492163009404451;-0.47;0.19;241869000.0;263087000.0;-21218000.0;1173460000.0;1306870000.0
AZEV4;Azevedo e Travassos;Construção e Engenharia;Construção Pesada;1.2;Tradicional;80% ON - 0% PN;53,65% ON - 84,66% PN - 74,05% Total;80.797896964535;0.0;4078000.0;-5.74;0.4285714285714285;2024.0;0.2445948326737017;0.4;1.73;0.2483916556796219;11.5;0.7647058823529411;2019.0;0.0657246897117596;-8.21;-8.58;0.5294117647058824;2024.0;0.0594514134779489;-7.15;0.86;-0.158067274800482;-1.02;0.091767371601213;0.29;0.0947853644482921;0.77;0.0371402644542431;-0.67;0.31;43027000.0;1821000.0;41206000.0;242711000.0;140013000.0
BMGB4;Banco BMG;Intermediários Financeiros;Bancos;2.0;Nível 1;100% ON - 100% PN;2,13% ON - 55,72% PN - 21,47% Total;38.920026046662;22.0;4132450.67;8.98;1.0;;1875.9333328563496;0.04;0.48;-0.410455836858393;35.71;1.0;;-0.0215137407584369;0.71;3.05;1.0;;-0.2261343745792099;38.98;;0.0;;;;;0.91;0.0121836295099646;-0.05;;;;;;3896220000.0
PNVL3;Grupo Panvel;Comércio e Distribuição;Medicamentos e Outros Produtos;4.3;Novo Mercado;100% ON;47,73% ON;29.193242550557;11.0;4819776.04;20.55;1.0;;-0.2313611485261459;0.61;1.59;-0.1222321752634689;30.91;1.0;;0.0264301574120924;3.62;2.04;1.0;;-0.0057533112582789;16.7;1.71;-0.0035338785046729;5.17;0.0795781399808222;0.71;0.0763750356226977;0.61;0.0075657894736833;-1.49;0.94;1074660000.0;265031000.0;809634000.0;1735160000.0;1139060000.0
PGMN3;Pague Menos;Comércio e Distribuição;Medicamentos e Outros Produtos;3.1;Novo Mercado;100% ON;15,51% ON;48.649022290574;0.0;6809652.5;-8.3;0.7;2024.0;1.0484171322165228;0.19;0.65;0.0580783187459945;31.86;1.0;;0.0031852124576361;4.4;-1.83;0.7;2024.0;1.6543209876553089;5.97;1.48;0.0195379965457682;2.5;-0.1398552487531917;0.47;-0.0878938640132505;0.71;0.0041938490214354;-0.39;0.68;1740450000.0;530204000.0;1210240000.0;4413720000.0;2557500000.0
TASA4;Taurus Armas;Máquinas e Equipamentos;Armas e Munições;3.7;Nível 2;100% ON - 100% PN;14,25% ON - 78,51% PN - 54,93% Total;33.449521312758;12.0;4388825.29;7.82;0.5;2018.0;0.1825629177380312;0.83;1.63;0.1199545327886533;38.11;1.0;;0.0035537402906946;17.69;11.8;0.5625;2018.0;0.1705547578187709;6.26;1.62;-0.0067281859595842;1.04;-0.0840219727728847;0.33;0.0200244882853866;0.49;-0.001803320131457;-2.02;0.45;501727000.0;141442000.0;360285000.0;1275880000.0;1108070000.0
BRBI11;BR Partners;Intermediários Financeiros;Bancos;3.5;Nível 2;100% ON - 100% PN;19,41% ON - 68,04% PN - 37,08% Total;36.226672376807;0.0;5252564.33;11.45;1.0;;0.0126370138992868;0.18;2.15;-0.0012167889961354;17.13;1.0;;0.1076465188728994;2.9;9.24;1.0;;0.0500930889280337;32.16;;-0.3743409490334199;-4.55;-0.0210777922642322;-0.27;-1.0045924225030234;0.92;0.0942990319110699;-0.18;;;;;;0.0
PTBL3;Portobello;Construção e Engenharia;Produtos para Construção;3.6;Novo Mercado;100% ON;40,48% ON;52.5711007671;1.0;3884592.75;-21.32;0.8571428571428571;2024.0;0.002144523332286;0.28;2.25;0.0586932334128691;39.65;1.0;;0.0157410506666939;6.96;-1.89;0.875;2024.0;-0.069191548606817;11.66;0.98;0.0132632430246699;5.85;0.043052078881492;2.27;-0.0224791768740817;0.87;-0.0034803206997083;-0.47;3.12;1192620000.0;325731000.0;866892000.0;1191140000.0;382221000.0
PDGR3;PDG Realty;Construção Civil;Incorporações;1.0;Novo Mercado;100% ON;94,59% ON;130.278700894113;0.0;1558790.96;-0.03;0.1428571428571428;2024.0;0.0415276439090044;0.03;-0.01;0.0722264927227553;60.91;0.8235294117647058;2016.0;0.0899392633228846;-21.85;-681.34;0.2941176470588235;2024.0;0.0610179625413169;-47.24;0.22;0.7703792502182605;-46.29;0.0999223895961758;;0.1400435650753215;6.19;0.0705704010007444;-0.12;-0.27;1444630000.0;73050000.0;1371580000.0;808201000.0;-5380590000.0
LAVV3;Lavvi;Construção Civil;Incorporações;4.3;Novo Mercado;100% ON;21,94% ON;34.013713435421;2.0;4523013.5;8.74;1.0;;0.1009549795361433;0.7;1.22;0.0308587633857564;32.98;1.0;;0.0023070638343474;20.09;22.11;0.875;2017.0;0.151414374445407;7.65;3.44;0.0752012072434553;-1.94;0.1147993151987714;-0.25;-0.2479784366576791;0.39;-0.1999115435647808;-2.46;0.15;184039000.0;493108000.0;-309069000.0;1572610000.0;1261230000.0
BMOB3;Bemobi;Programas e Serviços;Programas e Serviços;3.3;Novo Mercado;100% ON;46,50% ON;29.005913140991;14.0;3887145.46;15.72;1.0;;-0.0348250569304172;0.77;1.0;0.0320982894613077;24.0;1.0;;-0.4215615759609803;7.5;5.24;1.0;;1.932524902554848;5.53;3.35;0.1543019062338801;-5.46;0.1629114318347617;-0.5;-0.0944206008583636;0.22;0.0783847980997656;-2.31;;0.0;535343000.0;-535343000.0;926838000.0;1080030000.0
OPCT3;Oceanpact;Petróleo, Gás e Biocombustíveis;Equipamentos e Serviços;2.4;Novo Mercado;100% ON;25,22% ON;46.038243051042;0.0;4110535.13;14.92;0.5;2022.0;0.6243135685539887;0.5;1.53;-0.0362553831785378;22.65;1.0;;-0.0161061427225639;16.79;5.27;0.5;2022.0;0.5937722842881008;8.46;1.41;0.0250083640013298;3.77;0.0053508003136668;1.23;-0.0721517910320748;0.67;-0.0045076282940356;-0.72;1.56;1241380000.0;262438000.0;978945000.0;720860000.0;794548000.0
TRIS3;Trisul;Construção Civil;Incorporações;3.1;Novo Mercado;100% ON;38,51% ON;48.808654850786;32.0;3223446.0;8.15;0.9333333333333332;2011.0;0.0605746322997486;0.32;0.65;0.0103009318202247;24.05;1.0;;0.0103970952953522;30.15;11.03;0.9375;2011.0;0.0558445310638775;5.59;2.82;0.0209552885998109;2.61;16.09054593877103;0.57;-0.6646845540247133;0.49;-0.0327055414704837;-1.3;0.76;1014460000.0;252507000.0;761949000.0;2028170000.0;1332140000.0
PORT3;Wilson Sons;Transporte;Serviços de Apoio e Armazenagem;3.5;Novo Mercado;100% ON;21,52% ON;25.976798246143;0.0;5605071.54;18.59;1.0;;-0.0069633887981442;1.28;3.21;-0.0034074307448115;44.66;1.0;;0.0220839643736745;27.84;16.78;1.0;;0.0178086916532507;14.95;0.85;-0.145223756967897;3.73;0.0429150010519712;1.07;0.0478650137741145;0.6;0.010385385385385;-1.49;1.16;2674460000.0;217046000.0;2457410000.0;813418000.0;2298890000.0
ROMI3;Indústrias Romi;Máquinas e Equipamentos;Máq. e Equip. Industriais;3.8;Novo Mercado;100% ON;53,54% ON;38.623036308404;19.0;3570541.96;4.92;0.8571428571428571;2016.0;0.095040680301913;0.5;1.01;0.0314815163032822;33.04;1.0;;-0.0005375280084797;19.2;15.83;0.8823529411764706;2016.0;0.0576188209696175;5.82;2.31;0.0032388113788726;1.76;0.0469517403373995;0.44;-0.2865655471289715;0.5;-0.0188043478260855;-1.3;0.69;787752000.0;292837000.0;494915000.0;1396960000.0;1134300000.0
MATD3;Hospital Mater Dei;Serv.Méd.Hospit. Análises e Diagnósticos;Serv.Méd.Hospit. Análises e Diagnósticos;3.1;Novo Mercado;100% ON;16,24% ON;40.139853885974;1.0;3244011.79;22.95;1.0;;-0.11584771850524;0.47;1.47;0.0067574871715836;33.42;1.0;;-0.0737072478979893;19.87;4.92;1.0;;-0.916160533523814;7.81;2.68;0.0128298232873418;2.15;0.2364935258222407;0.56;0.239169139465929;0.66;0.0646913580246977;-0.63;0.77;1287620000.0;363736000.0;923886000.0;1308890000.0;1662270000.0
WIZC3;Wiz;Previdência e Seguros;Corretoras de Seguros;3.4;Novo Mercado;100% ON;47,12% ON;42.290814102829;18.0;2955278.75;10.75;1.0;;-0.0659137223386275;0.46;2.28;0.1000289051546852;58.84;1.0;;-0.0068578888229041;37.07;9.26;1.0;;-0.0787501960062513;2.95;0.9;1.639314928425469;0.26;0.4163562478835361;0.22;0.6143773383217825;0.59;0.0333710407239853;-0.59;0.77;354129000.0;251667000.0;102462000.0;521688000.0;459254000.0
SOJA3;Boa Safra;Agropecuária;Agricultura;4.0;Novo Mercado;100% ON;30,16% ON;37.615032100417;0.0;3642818.25;9.29;1.0;;0.1067116108327861;0.71;1.93;0.0946219670972632;15.15;1.0;;0.0726271863624332;11.93;9.98;0.875;2017.0;0.1139799888826997;7.39;2.27;0.0950060289389145;-0.4;0.1465677179963305;-0.1;0.9140407405385544;0.5;-0.2828241123039118;-2.6;0.76;703908000.0;796764000.0;-92856000.0;1823410000.0;924072000.0
CLSA3;ClearSale;Serviços Financeiros Diversos;Serviços Financeiros Diversos;1.7;Novo Mercado;100% ON;29,84% ON;59.745715205999;9.0;3603478.25;-22.18;0.0;2024.0;-0.7555959441361562;0.69;0.87;-0.0301073153091869;34.44;1.0;;-0.1113348676639593;-16.03;-5.38;0.2;2024.0;0.1350088406163101;-2.97;3.59;0.0384078212290412;4.47;0.0677358490566113;-0.52;0.5701078582434578;0.2;-2.9799999999993405;-2.02;0.06;40342000.0;413757000.0;-373415000.0;589970000.0;716090000.0
LOGN3;Log-in;Transporte;Transporte Hidroviário;3.4;Novo Mercado;100% ON;10,18% ON;51.421744591479;0.0;1654135.5;10.35;0.6428571428571429;2017.0;0.2924831927478621;1.15;4.06;0.0611668815446664;22.7;0.9411764705882352;2016.0;0.0382032869410731;17.34;16.83;0.6470588235294118;2017.0;0.1918804116974233;12.24;1.42;-0.0499230769230758;2.22;0.0188174213552112;0.9;0.0033029246567488;0.72;0.0271350546176729;-1.62;1.43;1395540000.0;518082000.0;877463000.0;1019060000.0;978996000.0
SHUL4;Schulz;Máquinas e Equipamentos;Motores, Compressores e Outros;3.8;Tradicional;80% ON - 0% PN;0,07% ON - 41,23% PN - 23,65% Total;33.043857609639;0.0;2210955.04;7.42;1.0;;0.0195118366336519;0.96;1.83;-0.0217911172244946;27.03;1.0;;-0.0148300612201789;17.56;15.32;1.0;;0.037999214057153;51.82;2.5;0.0191239371296074;-0.06;-1.0846684668467588;-0.02;4.626395939080749;0.48;-0.0220281273131014;-2.8;0.57;717746000.0;738617000.0;-20871000.0;1577400000.0;1254950000.0
DASA3;Dasa;Serv.Méd.Hospit. Análises e Diagnósticos;Serv.Méd.Hospit. Análises e Diagnósticos;1.3;Novo Mercado;100% ON;12,38% ON;71.380792711644;5.0;2973897.96;-6.78;0.6428571428571429;2024.0;0.1475714788528186;0.21;0.72;0.0227748207655871;28.78;1.0;;-0.0127332024037274;7.35;-5.93;0.6875;2024.0;0.1882943143812598;13.98;1.27;-0.0405762901322677;8.58;0.0684775268252433;1.13;0.0468949232585502;0.71;0.0235735735735769;-0.3;1.43;11336900000.0;2373370000.0;8963580000.0;8143700000.0;7944720000.0
CSED3;Cruzeiro do Sul Educacional;Diversos;Serviços Educacionais;3.6;Novo Mercado;100% ON;12,31% ON;53.031096834544;0.0;2234024.17;18.64;1.0;;0.0966043967385805;0.31;1.01;0.0175345780765854;46.83;1.0;;0.0165193636509717;17.37;3.51;0.875;2020.0;-0.8989094874591633;4.17;1.12;0.0660324566312413;0.41;-0.6738735098000223;0.11;-1.7372627372623746;0.7;0.0063168124392607;-0.4;0.61;874551000.0;714800000.0;159751000.0;1048360000.0;1439560000.0
PINE4;Banco Pine;Intermediários Financeiros;Bancos;2.8;Nível 2;100% ON - 100% PN;0,02% ON - 64,27% PN - 30,54% Total;56.814848100382;0.0;3937433.58;6.1;0.6428571428571429;2020.0;0.2650488648975755;0.04;0.88;-0.1892920352061132;15.73;0.9375;2016.0;-0.1836200201737123;8.85;7.58;0.6875;2020.0;0.2423811183395696;5.36;;-0.2000000000000141;;;;;0.95;0.0040574676349856;-0.04;;;;;;964510000.0
OIBR3;Oi;Telecomunicações;Telecomunicações;1.2;Nível 1;80% ON - 0% PN;89,99% ON - 88,45% PN - 89,95% Total;79.431305243758;0.0;2929583.42;-0.02;0.2857142857142857;2024.0;0.1074864268653847;0.01;-0.02;0.1573940164690181;-3.74;0.8125;2024.0;3.983052282511749;-173.59;-224.73;0.3125;2024.0;0.0906293480019211;-1.32;0.72;-0.0082690687576961;-1.3;0.0778561324894626;;0.058647023717427;1.9;0.047281167108754;-0.02;-0.94;25202900000.0;2483020000.0;22719900000.0;10088700000.0;-26822900000.0
DESK3;Desktop;Telecomunicações;Telecomunicações;3.1;Novo Mercado;100% ON;28,08% ON;49.703762381076;0.0;2353513.63;16.71;1.0;;0.1955584939965349;0.51;1.18;0.0239613844114603;63.04;1.0;;-0.0044810167834442;33.72;9.69;1.0;;-0.1330779054916891;7.05;0.84;-0.2172236503855922;2.22;-0.0934210526315875;0.55;-0.1638297872340995;0.56;-0.064814814814834;-0.58;0.68;862078000.0;172956000.0;689122000.0;380584000.0;1260890000.0
VITT3;Vittia;Químicos;Fertilizantes e Defensivos;3.8;Novo Mercado;100% ON;33,78% ON;36.188719280333;0.0;5179006.38;10.54;1.0;;-0.0396924543124637;1.23;1.82;0.0708897935899917;37.83;1.0;;0.0102639296187696;15.21;14.38;1.0;;-0.0096478208069106;11.09;2.67;0.0985611510791379;1.18;-0.1567010309278756;0.22;-0.7500000000000507;0.33;-0.1655629139072716;-3.29;0.32;198749000.0;65150000.0;133599000.0;573903000.0;618428000.0
MBLY3;Mobly;Programas e Serviços;Programas e Serviços;1.3;Novo Mercado;100% ON;22,05% ON;78.437417977851;7.0;2335549.04;-2.74;0.0;2024.0;-0.0258954183004739;0.28;0.45;-0.1087869249174319;43.03;1.0;;0.0091352009744203;-14.31;-14.07;0.0;2024.0;0.0921611168757712;-3.2;2.76;0.1301178992497378;-0.52;2.9272727272735843;0.09;0.7672413793104294;0.37;-0.6079632465544832;-0.63;0.37;180201000.0;137807000.0;42394000.0;430413000.0;491793000.0
HBRE3;HBR Realty;Exploração de Imóveis;Exploração de Imóveis;2.5;Novo Mercado;100% ON;47,27% ON;43.543496554223;0.0;2151606.54;9.82;1.0;;-0.9689663776436562;0.12;0.27;0.0013313662114462;82.3;1.0;;-0.0186009145964609;160.69;34.6;0.875;2020.0;-2.666888914655179;6.17;1.02;0.0435688248568022;4.05;0.0563481692845062;0.52;-0.0046318868844458;0.42;0.0031117397454041;-0.13;0.61;1166620000.0;175817000.0;990801000.0;267727000.0;1908600000.0
PRNR3;Priner;Serviços Diversos;Serviços Diversos;3.1;Novo Mercado;100% ON;57,09% ON;43.192406270674;0.0;2090868.33;-1672.62;0.4285714285714285;2024.0;0.0949520001710528;0.63;2.0;0.1299492744479791;20.94;1.0;;0.0294403582063089;9.2;-0.03;0.4444444444444444;2024.0;0.0116592639593924;6.82;1.49;0.0393343879289345;1.93;0.1189700793812416;0.79;-0.043775826446281;0.67;0.0014044943820223;-1.27;1.2;272550000.0;93009000.0;179541000.0;367810000.0;227184000.0
AMAR3;Lojas Marisa;Comércio;Tecidos, Vestuário e Calçados;1.5;Novo Mercado;100% ON;46,14% ON;80.343676300611;19.0;1475976.33;-0.29;0.4285714285714285;2024.0;0.1143878968502873;0.07;1.62;-0.1372600262124129;35.54;1.0;;-0.0167665016418802;-16.35;-26.68;0.5294117647058824;2024.0;0.1064696636978863;-3.52;0.75;-0.0991847826086934;-3.04;0.1023562692131572;10.33;0.0829327374469526;0.96;0.0236820428336121;-0.12;12.27;1323250000.0;210083000.0;1113160000.0;978950000.0;107804000.0
AURA33;Aura Minerals;Mineração;Minerais Metálicos;3.2;Tradicional;80% ON;;35.957413100701;0.0;1538602.08;8.79;1.0;;-5.425198034691824;0.53;1.33;-1.006710143963356;36.53;1.0;;0.084618415206944;24.61;12.67;1.0;;0.0369460807933281;5.73;1.64;0.0268720641061082;1.21;0.1273542600896955;0.35;0.152100840336119;0.6;0.0354624219222234;-0.87;0.88;1496080000.0;896306000.0;599770000.0;1621530000.0;1697640000.0
MEAL3;International Meal;Hoteis e Restaurantes;Restaurante e Similares;3.0;Novo Mercado;100% ON;54,12% ON;48.150960213876;18.0;1917471.17;4.41;0.5;2021.0;0.4349059035834197;0.19;0.46;-0.3190391311349366;32.17;1.0;;-0.0250370015864136;13.76;5.2;0.6;2021.0;0.1424434201935662;2.69;0.84;0.0078463133188992;1.02;0.178305274417325;0.29;-0.029821073558642;0.6;0.0114049167863483;-0.23;0.45;503973000.0;186939000.0;317034000.0;479312000.0;1112260000.0
HBOR3;Helbor;Construção Civil;Incorporações;2.5;Novo Mercado;100% ON;49,04% ON;55.232417534575;15.0;1899868.75;8.76;0.7692307692307693;2018.0;0.4169642095950601;0.06;0.25;0.0312753420743614;28.28;0.8823529411764706;2018.0;-0.0505515485787082;17.76;3.54;0.7647058823529411;2019.0;0.1291881557887055;9.96;3.03;0.007735025783417;8.22;0.0673124535776088;1.2;0.0338429625076741;0.6;-0.0032957433290977;-0.15;1.39;1938020000.0;268232000.0;1669790000.0;3386260000.0;1394330000.0
APER3;Alper Seguros;Previdência e Seguros;Corretoras de Seguros;2.0;Tradicional;100% ON;42,42% ON;45.665201914098;0.0;1548046.71;35.48;0.6363636363636364;2018.0;0.1870292715276729;0.64;1.11;0.4419494099556953;100.0;1.0;;0.0;11.0;5.02;0.6666666666666666;2020.0;0.1123776089155399;15.86;0.9;0.5572729781948604;-0.35;0.0733845878464294;-0.02;-1.2023512646953125;0.42;0.0360223527726022;-0.81;0.11;50406000.0;61878000.0;-11472000.0;167803000.0;477848000.0
ESPA3;Espaçolaser;Comércio;Produtos Diversos;1.7;Novo Mercado;100% ON;37,43% ON;64.306193793098;0.0;1888897.33;-18.64;0.25;2024.0;1.0261689872558453;0.16;0.43;-0.0654665257768408;36.92;1.0;;-0.1038395849560822;13.07;-2.03;0.625;2024.0;1.6363118952748636;8.23;1.16;0.025404776813668;5.31;0.13034277687581;0.79;0.0654370300751714;0.61;-0.0213812677388819;-0.28;1.04;912536000.0;222324000.0;690212000.0;958676000.0;877564000.0
PFRM3;Profarma;Comércio e Distribuição;Medicamentos e Outros Produtos;3.1;Novo Mercado;100% ON;22,88% ON;42.511664343079;0.0;1677920.67;12.93;0.6666666666666666;2018.0;-0.0475560545594154;0.13;0.48;-0.0952181492199185;14.64;1.0;;0.0333233945485196;2.71;0.54;0.7058823529411765;2018.0;-0.7967105263159445;4.91;1.37;-0.058821020303698;2.3;0.895865533230163;0.42;0.0144106217616566;0.67;0.0120798319327721;-0.44;0.56;710099000.0;178029000.0;532070000.0;3312700000.0;1261610000.0
ETER3;Eternit;Construção e Engenharia;Produtos para Construção;3.1;Novo Mercado;100% ON;60,38% ON;45.299933124774;0.0;1785381.42;7.55;0.7142857142857143;2019.0;0.0607275363313153;0.35;0.62;0.057218060842062;26.5;1.0;;-0.0470220425693116;6.94;5.02;0.7647058823529411;2019.0;-0.5681608133086146;6.8;2.07;0.0051282634403713;1.32;-0.545325779036678;0.15;0.0541151977980183;0.43;0.0240695170716704;-0.68;0.21;146010000.0;39890000.0;106120000.0;606002000.0;710421000.0
VIVR3;Viver;Construção Civil;Incorporações;1.0;Novo Mercado;100% ON;65,89% ON;61.199119226247;0.0;1459367.71;-1.15;0.0;2024.0;-0.1740763314488377;0.39;5.94;-0.5283050515779981;24.2;0.5882352941176471;2020.0;0.0388806116346649;-125.27;-123.97;0.2352941176470588;2024.0;0.0610837972493354;-1.1;1.04;-0.3354075917859046;0.05;0.8314756816507907;-0.28;-0.0082769798584374;0.93;0.0343265137992572;-0.75;0.97;19443000.0;25028000.0;-5585000.0;146662000.0;19987000.0
TFCO4;Track Field;Tecidos, Vestuário e Calçados;Vestuário;3.7;Nível 2;100% PN;42,06% PN - 3,19% Total;32.602324514757;0.0;2053816.88;113.68;1.0;;0.166196765098662;20.83;33.1;0.1205245153934;58.03;1.0;;-0.0016449065684812;22.31;17.59;1.0;;0.0479167089480954;15.46;3.15;0.0055523085914668;0.38;0.3410714285714016;0.14;0.2507288629737416;0.37;-0.0240963855421639;-72.0;0.26;101739000.0;46274000.0;55465000.0;441568000.0;390905000.0
DEXP3;Dexxos;Químicos;Petroquímicos;3.5;Nível 1;100% ON - 100% PN;44,27% ON - 49,86% PN - 44,61% Total;36.993652988199;0.0;1639096.75;7.06;0.6;2015.0;0.0878949522462611;0.79;1.63;0.0779925604667317;20.55;1.0;;0.0014405878119754;15.24;8.86;0.5294117647058824;2015.0;0.1142520352482101;3.66;3.17;0.0575230354333675;-0.45;-0.1029974787561756;-0.18;-0.271464936320816;0.42;-0.0392681642681542;-2.29;0.42;290410000.0;413336000.0;-122926000.0;929272000.0;690501000.0
SYNE3;SYN;Exploração de Imóveis;Exploração de Imóveis;3.0;Novo Mercado;100% ON;34,20% ON;36.92634703857;0.0;1553574.54;-17.78;0.6153846153846154;2024.0;-0.0395913290748932;0.17;0.46;0.0243992117439528;50.09;1.0;;-0.0345517531458492;32.3;-9.25;0.7058823529411765;2024.0;1.1692047377325143;10.02;4.01;-0.0026507849077389;4.94;0.0280025355158728;0.45;-0.0189144736842109;0.36;-0.0323373676248091;-0.19;0.67;1008770000.0;331184000.0;677582000.0;432129000.0;1510730000.0
BRIT3;Brisanet;Telecomunicações;Telecomunicações;3.7;Novo Mercado;100% ON;20,51% ON;54.277592225851;0.0;1658348.46;10.38;1.0;;0.3051596904782978;0.44;0.92;0.0345948991856324;46.79;1.0;;-0.0428907362633698;21.28;11.15;1.0;;-0.0671914534720284;8.36;2.3;0.1376659678546463;2.92;0.0115925717501448;0.5;-2.336099585062553;0.53;-0.1065989847715905;-0.57;0.83;1234920000.0;500368000.0;734556000.0;716924000.0;1480810000.0
AALR3;Alliança;Serv.Méd.Hospit. Análises e Diagnósticos;Serv.Méd.Hospit. Análises e Diagnósticos;1.5;Novo Mercado;100% ON;6,69% ON;;;;;;;;;;;;;;;;;;;;;;;;;;;;;;1.04;1051380000.0;294614000.0;756769000.0;620452000.0;1015110000.0
SGPS3;Springs Global;Tecidos, Vestuário e Calçados;Fios e Tecidos;1.0;Novo Mercado;100% ON;37,36% ON;;;;;;;;;;;;;;;;;;;;;;;;;;;;;;6.43;1064330000.0;186932000.0;877401000.0;759650000.0;165504000.0
ENJU3;Enjoei;Programas e Serviços;Programas e Serviços;1.6;Novo Mercado;100% ON;45,46% ON;64.770820008805;1.0;1268344.33;-7.27;0.0;2024.0;-0.1056326854422745;0.74;0.9;-0.1230231293861818;46.15;1.0;;0.0704256616530223;-41.92;-26.7;0.0;2024.0;-0.028861669961936;-0.68;5.06;0.0727432077125409;3.95;0.0592192299930607;-0.77;-0.0654101995565572;0.18;-0.6589861751152581;-2.84;;0.0;273005000.0;-273005000.0;321103000.0;353986000.0
CSUD3;CSU;Serviços Diversos;Serviços Diversos;4.2;Novo Mercado;100% ON;35,74% ON;36.762344661954;0.0;1343067.17;9.13;1.0;;0.0756145224870423;1.29;1.91;0.0596503901452194;39.2;1.0;;0.0262145265524023;21.27;16.2;1.0;;0.0545396219994582;6.76;1.29;0.01461104026234;-0.05;24.314851485073063;-0.01;4.747619047612036;0.32;-0.0438622438199847;-1.8;0.18;73156000.0;79174000.0;-6018000.0;171969000.0;412720000.0
EUCA4;Eucatex;Madeira e Papel;Madeira;2.7;Nível 1;80% ON - 0% PN;1,90% ON - 52,17% PN - 40,04% Total;31.780787666256;0.0;1342039.67;5.54;1.0;;0.0780984115564413;0.38;0.69;0.0457552856348406;32.81;1.0;;-0.0026826115061409;12.52;10.36;1.0;;-0.0620563997523102;6.25;1.71;0.0274397876921577;1.55;0.0197722567287816;0.23;0.0236463510332161;0.45;0.0087790603153956;-0.62;0.34;739570000.0;223974000.0;515596000.0;1506140000.0;2205650000.0
CAMB3;Cambuci;Tecidos, Vestuário e Calçados;Calçados;3.9;Tradicional;80% ON - 80% PN;31,45% ON;;;;;;;;;;;;;;;;;;;;;;;;;;;;;;0.13;28502000.0;2515000.0;25987000.0;171427000.0;219208000.0
ELMD3;Eletromidia;Mídia;Publicidade e Propaganda;2.6;Novo Mercado;100% ON;25,20% ON;45.84727637191;0.0;1327665.88;41.78;0.75;2021.0;0.3382619191309042;1.04;3.04;0.0112489479651358;45.4;1.0;;-0.0091890026865161;20.78;6.65;0.625;2021.0;0.3231223871990882;16.65;1.05;0.0274139506548898;3.17;0.1078819461843272;0.72;-0.1554512902827566;0.58;-0.0602409638554188;-1.42;1.23;982800000.0;405803000.0;576997000.0;629144000.0;800087000.0
LAND3;Terra Santa;Agropecuária;Agricultura;3.8;Novo Mercado;100% ON;23,43% ON;32.800998545911;0.0;1032781.63;10.43;1.0;;0.1935989564947096;1.59;2.07;-0.0052040910495253;94.35;1.0;;0.0057581980227374;60.72;145.06;1.0;;0.1612255368136537;26.62;0.35;1.7979094076655548;1.71;0.3025641025642054;0.14;0.2848101265822871;0.23;0.041666666666658;-1.62;0.15;105314000.0;4598000.0;100716000.0;18955000.0;709172000.0
FIQE3;Unifique;Telecomunicações;Telecomunicações;4.4;Novo Mercado;100% ON;25,01% ON;;;;;;;;;;;;;;;;;;;;;;;;;;;;;;0.31;332075000.0;417848000.0;-85773000.0;582379000.0;1079370000.0
RCSL3;Recrusul;Material de Transporte;Material Rodoviário;1.0;Tradicional;80% ON - 80% PN;14,74% ON - 84,73% PN - 61,28% Total;122.621773693808;0.0;17909433.04;-20.1;0.0;2024.0;-0.0197915462248721;4.55;2403.13;0.0007703387394293;12.72;1.0;;-0.0343607854587143;8.87;-22.44;0.0;2024.0;0.013272074202185;28.75;1.38;0.0536809176225261;-0.01;0.0438580128380954;-0.42;0.0;1.0;-0.0059846340477148;-8.92;;0.0;49000.0;-49000.0;30058000.0;116000.0
;;;;;;;;12.172955061618;0.0;53310276.5;15.22;1.0;;0.1696750902527228;1.7;1.83;0.0379950635175758;56.53;1.0;;0.0604174645729682;19.25;32.39;0.8888888888888888;2016.0;0.1372225857545832;18.69;12.37;0.1352564227231347;-6.92;-0.4737255586591286;-0.5;0.2249785530455199;0.07;-1.4166666666669756;-3.8;;;;;;
;;;;;;;;35.937516354019;0.0;39651585.0;-110.33;0.75;2024.0;0.3860372805813616;1.49;3.7;0.0328552843316631;42.19;1.0;;0.0089964130128128;6.45;-3.26;0.8125;2024.0;1.3658687626534998;60.18;1.43;0.0137416304686923;4.46;0.0932836563757693;0.3;-0.0661672908863925;0.58;0.0011199253383107;-1.84;;;;;;
;;;;;;;;23.800125776568;0.0;27666157.79;11.69;1.0;;0.0256784618150558;0.38;1.29;0.0164580959711553;30.72;1.0;;-0.0086798408757369;20.25;6.59;1.0;;-0.0275607345367558;6.4;0.89;-0.0054111974283427;2.6;0.0100098135426893;0.88;0.0252601103772731;0.67;0.0186279856036675;-0.57;;;;;;
;;;;;;;;61.274716349226;0.0;18194928.05;-29.78;0.5;2024.0;0.6948481795940644;0.29;1.82;-0.0277242858581774;50.83;1.0;;-0.953530556716422;-5.11;-5.48;0.5714285714285714;2024.0;-5.304138594798808;-29.26;;;;;;;0.84;-0.0064460678985821;-0.32;;;;;;
;;;;;;;;29.552123134661;0.0;7882065.83;36.76;1.0;;-0.0561306850819945;2.1;5.3;0.0038466589592849;26.45;1.0;;-0.0316151564611526;13.31;6.98;1.0;;-0.0652577883038736;19.93;0.9;-0.1236531554643258;0.66;0.1028144744399923;0.18;0.1009671179884179;0.6;0.0189717595945;-3.28;;;;;;
;;;;;;;;137.585947033128;0.0;2066991.77;-0.56;0.7142857142857143;2024.0;0.1093994577760522;0.04;0.05;0.106749418306703;100.0;1.0;;0.0;-336.36;-123.98;0.75;2024.0;0.1441509553685365;0.06;1.12;0.0453959683225306;0.27;0.054603018473557;-0.07;4.123611111108529;0.28;-0.0681046879493877;-0.05;;;;;;
